LAT,LON,ACRES,MONTH,DAY_OF_YEAR,ALLSKY_SFC_SW_DWN,T2M,Solar_kWh_per_Acre
18.5204,73.8567,1.0,1,1,4.5566,20.725,1555.344
18.5204,73.8567,1.0,1,2,4.53,19.0568,1561.796
18.5204,73.8567,1.0,1,3,4.3023,20.8942,1470.3497
18.5204,73.8567,1.0,1,4,3.8183,18.9765,1277.1036
18.5204,73.8567,1.0,1,5,3.9995,19.3485,1408.7046
18.5204,73.8567,1.0,1,6,4.1194,19.8145,1459.7986
18.5204,73.8567,1.0,1,7,3.8694,19.2803,1334.1706
18.5204,73.8567,1.0,1,8,4.6747,18.6942,1577.8492
18.5204,73.8567,1.0,1,9,4.0073,19.8956,1367.884
18.5204,73.8567,1.0,1,10,4.6079,17.7125,1648.1546
18.5204,73.8567,1.0,1,11,4.4442,18.8843,1547.9222
18.5204,73.8567,1.0,1,12,3.9968,18.5124,1420.3362
18.5204,73.8567,1.0,1,13,4.2498,19.1452,1548.6081
18.5204,73.8567,1.0,1,14,3.8529,17.2116,1358.8198
18.5204,73.8567,1.0,1,15,4.4739,20.4055,1485.7463
18.5204,73.8567,1.0,1,16,4.5356,20.2376,1547.2154
18.5204,73.8567,1.0,1,17,4.4505,17.7586,1548.7072
18.5204,73.8567,1.0,1,18,4.8735,17.3453,1693.6773
18.5204,73.8567,1.0,1,19,3.6587,18.5258,1277.5796
18.5204,73.8567,1.0,1,20,3.9567,17.1956,1361.2444
18.5204,73.8567,1.0,1,21,3.6546,19.9615,1261.5826
18.5204,73.8567,1.0,1,22,4.0628,18.4258,1455.0567
18.5204,73.8567,1.0,1,23,4.6001,19.0589,1562.9735
18.5204,73.8567,1.0,1,24,4.1544,21.4154,1501.9308
18.5204,73.8567,1.0,1,25,3.8226,19.8152,1385.3235
18.5204,73.8567,1.0,1,26,4.8298,19.3672,1736.1558
18.5204,73.8567,1.0,1,27,4.2562,18.9203,1466.9729
18.5204,73.8567,1.0,1,28,4.0003,19.4792,1395.9158
18.5204,73.8567,1.0,1,29,3.6351,17.414,1277.7951
18.5204,73.8567,1.0,1,30,4.4495,19.9608,1570.7964
18.5204,73.8567,1.0,1,31,3.6948,19.7935,1314.9491
18.5204,73.8567,1.0,2,32,4.1547,17.8867,1547.1998
18.5204,73.8567,1.0,2,33,4.6969,17.7271,1630.1162
18.5204,73.8567,1.0,2,34,4.4612,19.6546,1648.5016
18.5204,73.8567,1.0,2,35,4.08,19.6546,1424.3947
18.5204,73.8567,1.0,2,36,4.4982,17.8465,1556.8418
18.5204,73.8567,1.0,2,37,3.7512,18.3204,1314.6677
18.5204,73.8567,1.0,2,38,4.2409,19.1133,1424.6075
18.5204,73.8567,1.0,2,39,4.066,18.9082,1389.7478
18.5204,73.8567,1.0,2,40,4.1593,19.5692,1481.9706
18.5204,73.8567,1.0,2,41,4.1675,20.1496,1501.6791
18.5204,73.8567,1.0,2,42,4.1119,19.1712,1468.3139
18.5204,73.8567,1.0,2,43,4.3557,20.9626,1511.279
18.5204,73.8567,1.0,2,44,3.9858,19.4024,1436.2843
18.5204,73.8567,1.0,2,45,4.5442,19.0002,1628.7102
18.5204,73.8567,1.0,2,46,4.9265,18.7247,1642.762
18.5204,73.8567,1.0,2,47,3.6738,20.7792,1280.8553
18.5204,73.8567,1.0,2,48,3.817,20.3173,1337.1864
18.5204,73.8567,1.0,2,49,4.2881,18.7683,1504.3789
18.5204,73.8567,1.0,2,50,4.3841,18.6098,1398.2207
18.5204,73.8567,1.0,2,51,4.3343,19.0013,1485.3444
18.5204,73.8567,1.0,2,52,4.3925,19.4636,1473.4383
18.5204,73.8567,1.0,2,53,3.5897,18.3391,1316.073
18.5204,73.8567,1.0,2,54,3.6219,19.4349,1289.3135
18.5204,73.8567,1.0,2,55,3.868,21.0311,1431.8568
18.5204,73.8567,1.0,2,56,3.9059,19.6148,1441.1068
18.5204,73.8567,1.0,2,57,3.903,19.9114,1324.4245
18.5204,73.8567,1.0,2,58,4.1116,20.8283,1353.5455
18.5204,73.8567,1.0,2,59,3.7089,20.5593,1326.1152
18.5204,73.8567,1.0,3,60,4.1688,20.2037,1416.711
18.5204,73.8567,1.0,3,61,4.1248,20.9956,1525.6267
18.5204,73.8567,1.0,3,62,3.9769,20.1361,1368.7894
18.5204,73.8567,1.0,3,63,4.323,20.0397,1476.5943
18.5204,73.8567,1.0,3,64,4.0308,18.3583,1514.8735
18.5204,73.8567,1.0,3,65,4.1806,21.5133,1395.3883
18.5204,73.8567,1.0,3,66,4.3442,21.2439,1574.6576
18.5204,73.8567,1.0,3,67,4.1384,20.6547,1410.3872
18.5204,73.8567,1.0,3,68,3.817,20.3698,1290.414
18.5204,73.8567,1.0,3,69,4.0282,19.9009,1387.9192
18.5204,73.8567,1.0,3,70,4.4897,21.3707,1542.4699
18.5204,73.8567,1.0,3,71,4.4804,20.3129,1548.3159
18.5204,73.8567,1.0,3,72,3.5597,20.6488,1231.9192
18.5204,73.8567,1.0,3,73,4.0727,20.0492,1436.6151
18.5204,73.8567,1.0,3,74,3.901,18.8334,1456.5795
18.5204,73.8567,1.0,3,75,3.9992,20.1886,1403.6634
18.5204,73.8567,1.0,3,76,4.4606,20.5447,1650.0932
18.5204,73.8567,1.0,3,77,3.5388,19.6944,1215.4826
18.5204,73.8567,1.0,3,78,4.3402,20.2683,1507.9085
18.5204,73.8567,1.0,3,79,4.1806,21.5151,1446.6493
18.5204,73.8567,1.0,3,80,5.3167,22.8396,1916.716
18.5204,73.8567,1.0,3,81,3.436,21.1244,1251.2446
18.5204,73.8567,1.0,3,82,3.8478,23.2491,1406.3009
18.5204,73.8567,1.0,3,83,3.8793,19.6929,1358.7559
18.5204,73.8567,1.0,3,84,4.8141,20.6987,1723.0203
18.5204,73.8567,1.0,3,85,4.3604,21.8561,1545.1124
18.5204,73.8567,1.0,3,86,4.5385,21.5845,1612.0449
18.5204,73.8567,1.0,3,87,4.1333,20.5664,1423.8251
18.5204,73.8567,1.0,3,88,4.4611,22.1226,1634.117
18.5204,73.8567,1.0,3,89,4.8795,21.7258,1715.8089
18.5204,73.8567,1.0,3,90,4.5656,21.544,1665.8729
18.5204,73.8567,1.0,4,91,4.5884,24.3261,1573.9393
18.5204,73.8567,1.0,4,92,4.1353,21.2992,1486.1659
18.5204,73.8567,1.0,4,93,4.1981,22.8613,1464.4449
18.5204,73.8567,1.0,4,94,4.0348,21.4616,1451.281
18.5204,73.8567,1.0,4,95,5.2012,23.6401,1787.131
18.5204,73.8567,1.0,4,96,5.3998,23.4853,1847.1384
18.5204,73.8567,1.0,4,97,4.7197,22.5424,1579.6024
18.5204,73.8567,1.0,4,98,4.3766,21.5435,1496.6955
18.5204,73.8567,1.0,4,99,4.6769,23.3824,1681.0944
18.5204,73.8567,1.0,4,100,5.4756,23.4128,2006.4188
18.5204,73.8567,1.0,4,101,5.114,22.4048,1742.2397
18.5204,73.8567,1.0,4,102,4.0215,22.4398,1464.6011
18.5204,73.8567,1.0,4,103,4.7204,23.033,1584.3043
18.5204,73.8567,1.0,4,104,4.3218,23.1034,1482.9129
18.5204,73.8567,1.0,4,105,5.0897,24.6009,1683.0162
18.5204,73.8567,1.0,4,106,4.7687,23.3855,1746.4183
18.5204,73.8567,1.0,4,107,4.7161,24.319,1687.0801
18.5204,73.8567,1.0,4,108,5.2495,23.0328,1787.5388
18.5204,73.8567,1.0,4,109,4.8397,25.6585,1645.9898
18.5204,73.8567,1.0,4,110,4.2161,24.6457,1465.1747
18.5204,73.8567,1.0,4,111,4.8509,25.6308,1591.9182
18.5204,73.8567,1.0,4,112,5.199,23.7247,1779.4722
18.5204,73.8567,1.0,4,113,5.1658,23.9235,1798.0925
18.5204,73.8567,1.0,4,114,5.3406,23.075,1886.669
18.5204,73.8567,1.0,4,115,5.1067,24.1662,1774.076
18.5204,73.8567,1.0,4,116,4.9278,24.8585,1742.1062
18.5204,73.8567,1.0,4,117,5.3921,23.2439,1899.2065
18.5204,73.8567,1.0,4,118,5.8197,22.4865,1978.8105
18.5204,73.8567,1.0,4,119,5.4385,25.5574,2011.472
18.5204,73.8567,1.0,4,120,5.6102,27.1083,1955.4201
18.5204,73.8567,1.0,5,121,4.5385,24.6677,1639.6897
18.5204,73.8567,1.0,5,122,5.2313,23.7019,1876.2861
18.5204,73.8567,1.0,5,123,4.697,24.9243,1722.707
18.5204,73.8567,1.0,5,124,5.2329,24.4951,1927.1025
18.5204,73.8567,1.0,5,125,5.1014,27.0519,1801.1099
18.5204,73.8567,1.0,5,126,5.1005,27.6683,1824.6521
18.5204,73.8567,1.0,5,127,5.5433,25.6477,1906.7477
18.5204,73.8567,1.0,5,128,4.8132,25.4537,1738.0892
18.5204,73.8567,1.0,5,129,5.623,24.8083,1919.313
18.5204,73.8567,1.0,5,130,4.9886,25.7619,1754.5992
18.5204,73.8567,1.0,5,131,5.0111,27.0032,1706.5511
18.5204,73.8567,1.0,5,132,5.2678,26.8203,1923.6908
18.5204,73.8567,1.0,5,133,6.036,25.6949,2115.2086
18.5204,73.8567,1.0,5,134,5.2169,24.981,1867.445
18.5204,73.8567,1.0,5,135,4.8303,25.4915,1717.5353
18.5204,73.8567,1.0,5,136,4.8849,27.457,1724.3596
18.5204,73.8567,1.0,5,137,5.0142,27.9654,1709.531
18.5204,73.8567,1.0,5,138,5.0354,27.2753,1668.8289
18.5204,73.8567,1.0,5,139,5.3418,26.8996,1859.742
18.5204,73.8567,1.0,5,140,5.3572,27.0716,1834.9286
18.5204,73.8567,1.0,5,141,5.3249,28.3445,1848.1311
18.5204,73.8567,1.0,5,142,5.5286,26.9622,1911.5046
18.5204,73.8567,1.0,5,143,5.5316,26.7901,1939.9866
18.5204,73.8567,1.0,5,144,5.3298,26.0396,1866.7919
18.5204,73.8567,1.0,5,145,5.1079,26.7407,1927.5548
18.5204,73.8567,1.0,5,146,5.7682,28.0743,1917.3129
18.5204,73.8567,1.0,5,147,5.6241,26.266,1962.0187
18.5204,73.8567,1.0,5,148,5.5993,27.5878,1924.7111
18.5204,73.8567,1.0,5,149,5.7756,29.0586,1979.5225
18.5204,73.8567,1.0,5,150,5.2242,27.9107,1791.3686
18.5204,73.8567,1.0,5,151,5.6436,27.4793,2072.3554
18.5204,73.8567,1.0,6,152,4.9614,27.6363,1658.9325
18.5204,73.8567,1.0,6,153,5.6442,29.0082,1988.2132
18.5204,73.8567,1.0,6,154,5.0843,29.4746,1757.226
18.5204,73.8567,1.0,6,155,5.5704,27.5566,1920.5581
18.5204,73.8567,1.0,6,156,5.8267,28.6149,2003.8098
18.5204,73.8567,1.0,6,157,5.0591,28.0757,1690.407
18.5204,73.8567,1.0,6,158,5.656,28.1917,1912.135
18.5204,73.8567,1.0,6,159,6.3865,26.8443,2167.697
18.5204,73.8567,1.0,6,160,5.3493,29.9783,1914.0017
18.5204,73.8567,1.0,6,161,5.2834,27.6435,1898.0407
18.5204,73.8567,1.0,6,162,5.5795,29.092,1934.4175
18.5204,73.8567,1.0,6,163,4.7579,28.2509,1705.5204
18.5204,73.8567,1.0,6,164,4.9306,28.3211,1729.4983
18.5204,73.8567,1.0,6,165,4.086,28.6556,1489.0902
18.5204,73.8567,1.0,6,166,5.0049,29.0668,1731.4564
18.5204,73.8567,1.0,6,167,4.5948,27.7694,1598.5561
18.5204,73.8567,1.0,6,168,5.4645,29.4266,1994.9995
18.5204,73.8567,1.0,6,169,5.1142,29.217,1797.5889
18.5204,73.8567,1.0,6,170,4.8319,29.7084,1760.6416
18.5204,73.8567,1.0,6,171,4.0714,30.1817,1419.0458
18.5204,73.8567,1.0,6,172,5.5359,28.1916,1811.8046
18.5204,73.8567,1.0,6,173,4.7789,31.3186,1669.5971
18.5204,73.8567,1.0,6,174,4.9738,30.2898,1783.253
18.5204,73.8567,1.0,6,175,4.9881,29.1656,1795.1263
18.5204,73.8567,1.0,6,176,4.5345,29.9965,1540.8783
18.5204,73.8567,1.0,6,177,4.208,31.4475,1463.0665
18.5204,73.8567,1.0,6,178,4.3031,31.3938,1447.4875
18.5204,73.8567,1.0,6,179,4.961,28.0652,1674.5057
18.5204,73.8567,1.0,6,180,5.1369,29.7933,1888.4454
18.5204,73.8567,1.0,6,181,4.9849,29.6132,1850.7559
18.5204,73.8567,1.0,7,182,5.3035,31.1896,1799.7484
18.5204,73.8567,1.0,7,183,4.6624,29.5766,1670.3063
18.5204,73.8567,1.0,7,184,5.1534,31.592,1830.2658
18.5204,73.8567,1.0,7,185,4.3608,28.3907,1536.3536
18.5204,73.8567,1.0,7,186,4.3549,31.1225,1523.895
18.5204,73.8567,1.0,7,187,4.9124,29.0871,1741.0598
18.5204,73.8567,1.0,7,188,4.721,30.9725,1624.9086
18.5204,73.8567,1.0,7,189,4.2252,31.6538,1432.09
18.5204,73.8567,1.0,7,190,4.6084,30.3681,1731.8922
18.5204,73.8567,1.0,7,191,4.0234,31.6869,1403.5022
18.5204,73.8567,1.0,7,192,4.8558,29.9501,1706.8182
18.5204,73.8567,1.0,7,193,4.7692,30.8622,1739.8054
18.5204,73.8567,1.0,7,194,4.5278,31.0125,1606.8425
18.5204,73.8567,1.0,7,195,4.5163,31.3721,1611.4392
18.5204,73.8567,1.0,7,196,4.0344,29.5585,1404.0101
18.5204,73.8567,1.0,7,197,4.5048,31.1946,1507.9126
18.5204,73.8567,1.0,7,198,4.4818,31.44,1593.6465
18.5204,73.8567,1.0,7,199,4.19,30.8303,1509.8924
18.5204,73.8567,1.0,7,200,4.4162,31.2626,1453.2641
18.5204,73.8567,1.0,7,201,3.5673,32.4582,1204.8389
18.5204,73.8567,1.0,7,202,3.9275,30.3856,1415.5992
18.5204,73.8567,1.0,7,203,4.4125,32.488,1540.8824
18.5204,73.8567,1.0,7,204,3.3601,32.179,1194.4418
18.5204,73.8567,1.0,7,205,4.1498,30.7635,1478.9177
18.5204,73.8567,1.0,7,206,4.3227,30.6412,1505.3069
18.5204,73.8567,1.0,7,207,4.1843,29.1515,1502.379
18.5204,73.8567,1.0,7,208,4.2435,29.4861,1465.2526
18.5204,73.8567,1.0,7,209,4.1025,30.4599,1472.9836
18.5204,73.8567,1.0,7,210,4.1143,31.4969,1449.5986
18.5204,73.8567,1.0,7,211,4.5804,32.0813,1566.9834
18.5204,73.8567,1.0,7,212,4.1189,30.6798,1460.2197
18.5204,73.8567,1.0,8,213,3.715,32.0777,1321.6813
18.5204,73.8567,1.0,8,214,4.6915,29.9935,1630.0857
18.5204,73.8567,1.0,8,215,4.5594,29.7537,1616.9484
18.5204,73.8567,1.0,8,216,4.9638,31.2418,1762.0751
18.5204,73.8567,1.0,8,217,3.6974,31.8755,1297.2002
18.5204,73.8567,1.0,8,218,3.853,30.3331,1304.0147
18.5204,73.8567,1.0,8,219,4.9705,30.9959,1737.5539
18.5204,73.8567,1.0,8,220,4.499,29.4823,1590.818
18.5204,73.8567,1.0,8,221,3.9674,30.6664,1413.0805
18.5204,73.8567,1.0,8,222,4.1751,32.3396,1487.961
18.5204,73.8567,1.0,8,223,3.9608,29.6716,1347.3095
18.5204,73.8567,1.0,8,224,4.181,31.504,1439.5201
18.5204,73.8567,1.0,8,225,4.7831,30.2575,1733.3871
18.5204,73.8567,1.0,8,226,4.238,31.2678,1496.0837
18.5204,73.8567,1.0,8,227,4.6119,31.0383,1599.4312
18.5204,73.8567,1.0,8,228,3.7644,29.1386,1392.2403
18.5204,73.8567,1.0,8,229,4.3816,29.6225,1508.7448
18.5204,73.8567,1.0,8,230,5.8237,30.6136,2022.4199
18.5204,73.8567,1.0,8,231,4.1234,29.125,1390.8635
18.5204,73.8567,1.0,8,232,4.5158,30.6004,1577.2718
18.5204,73.8567,1.0,8,233,4.7021,30.8709,1663.4243
18.5204,73.8567,1.0,8,234,4.4622,31.5235,1627.9417
18.5204,73.8567,1.0,8,235,4.8205,29.7595,1600.4336
18.5204,73.8567,1.0,8,236,4.9535,30.4982,1804.5936
18.5204,73.8567,1.0,8,237,4.3907,30.8001,1510.6391
18.5204,73.8567,1.0,8,238,5.5136,30.5298,1950.0823
18.5204,73.8567,1.0,8,239,4.9465,28.4817,1816.7765
18.5204,73.8567,1.0,8,240,4.7172,29.8942,1704.9987
18.5204,73.8567,1.0,8,241,5.2344,29.6056,1731.8989
18.5204,73.8567,1.0,8,242,4.7621,30.6363,1627.0192
18.5204,73.8567,1.0,8,243,4.5065,28.3753,1576.4188
18.5204,73.8567,1.0,9,244,4.1875,30.2395,1488.9321
18.5204,73.8567,1.0,9,245,4.7581,29.1934,1612.3577
18.5204,73.8567,1.0,9,246,5.1525,29.8564,1828.931
18.5204,73.8567,1.0,9,247,5.3996,31.8293,1939.0516
18.5204,73.8567,1.0,9,248,5.0943,29.4658,1770.8651
18.5204,73.8567,1.0,9,249,5.3569,29.4416,1896.7016
18.5204,73.8567,1.0,9,250,5.5676,28.0678,1922.8997
18.5204,73.8567,1.0,9,251,4.9283,29.151,1701.3812
18.5204,73.8567,1.0,9,252,4.6374,31.9667,1566.5878
18.5204,73.8567,1.0,9,253,5.1773,30.7833,1823.3083
18.5204,73.8567,1.0,9,254,5.3192,28.0434,1834.2628
18.5204,73.8567,1.0,9,255,6.1992,28.544,2247.5738
18.5204,73.8567,1.0,9,256,5.72,30.3837,1942.0139
18.5204,73.8567,1.0,9,257,5.7734,30.671,1962.1732
18.5204,73.8567,1.0,9,258,6.4284,27.7276,2231.7461
18.5204,73.8567,1.0,9,259,5.4531,28.0114,1945.3691
18.5204,73.8567,1.0,9,260,5.8881,29.8388,2089.5808
18.5204,73.8567,1.0,9,261,5.5275,28.6901,1995.8639
18.5204,73.8567,1.0,9,262,5.274,30.5456,2000.1289
18.5204,73.8567,1.0,9,263,5.6337,27.4874,2045.3892
18.5204,73.8567,1.0,9,264,5.5028,28.0595,1893.6702
18.5204,73.8567,1.0,9,265,5.7931,27.9511,2099.3627
18.5204,73.8567,1.0,9,266,5.6391,28.3604,1958.0166
18.5204,73.8567,1.0,9,267,5.8856,29.4481,2213.7698
18.5204,73.8567,1.0,9,268,5.5331,28.6933,1930.1141
18.5204,73.8567,1.0,9,269,5.5986,28.5047,1885.8983
18.5204,73.8567,1.0,9,270,5.9464,29.9846,2091.8897
18.5204,73.8567,1.0,9,271,5.4868,28.8131,2038.6116
18.5204,73.8567,1.0,9,272,5.818,26.8499,1970.8396
18.5204,73.8567,1.0,9,273,5.3773,26.2166,1939.9657
18.5204,73.8567,1.0,10,274,5.9976,27.9724,1991.3827
18.5204,73.8567,1.0,10,275,6.4985,28.8322,2358.0006
18.5204,73.8567,1.0,10,276,6.2137,26.3342,2141.5736
18.5204,73.8567,1.0,10,277,6.0889,26.9367,2094.7855
18.5204,73.8567,1.0,10,278,6.7282,27.8562,2437.5222
18.5204,73.8567,1.0,10,279,6.1379,28.9169,2113.0256
18.5204,73.8567,1.0,10,280,6.0349,28.3219,2030.7021
18.5204,73.8567,1.0,10,281,5.9368,26.5143,2069.5309
18.5204,73.8567,1.0,10,282,5.974,26.2043,2210.0234
18.5204,73.8567,1.0,10,283,5.9622,26.9696,2037.9084
18.5204,73.8567,1.0,10,284,6.4758,25.7956,2364.8911
18.5204,73.8567,1.0,10,285,5.3786,27.3775,1994.748
18.5204,73.8567,1.0,10,286,6.2865,28.5827,2247.33
18.5204,73.8567,1.0,10,287,5.7567,26.3426,1958.2904
18.5204,73.8567,1.0,10,288,6.0526,25.7136,2176.5398
18.5204,73.8567,1.0,10,289,5.5578,25.098,1925.7785
18.5204,73.8567,1.0,10,290,5.3775,25.3623,1882.5016
18.5204,73.8567,1.0,10,291,6.0016,27.8739,2118.7518
18.5204,73.8567,1.0,10,292,5.2369,26.387,1862.6276
18.5204,73.8567,1.0,10,293,5.4335,27.0251,1874.7685
18.5204,73.8567,1.0,10,294,5.4751,24.6656,1979.5722
18.5204,73.8567,1.0,10,295,5.7309,26.5204,1995.0139
18.5204,73.8567,1.0,10,296,5.4435,27.5912,1906.2029
18.5204,73.8567,1.0,10,297,5.3502,25.3337,1892.2775
18.5204,73.8567,1.0,10,298,6.0756,27.3367,2053.805
18.5204,73.8567,1.0,10,299,6.5045,25.2814,2194.0342
18.5204,73.8567,1.0,10,300,6.0676,27.5822,2166.4331
18.5204,73.8567,1.0,10,301,5.6953,25.9102,1976.5529
18.5204,73.8567,1.0,10,302,5.907,24.2089,2113.2711
18.5204,73.8567,1.0,10,303,5.4791,26.2406,2025.3098
18.5204,73.8567,1.0,10,304,6.2739,23.8123,2154.0689
18.5204,73.8567,1.0,11,305,5.8781,24.2616,2056.5369
18.5204,73.8567,1.0,11,306,5.7933,25.8593,1930.475
18.5204,73.8567,1.0,11,307,5.3469,24.6195,1836.7387
18.5204,73.8567,1.0,11,308,5.1433,22.5726,1738.0555
18.5204,73.8567,1.0,11,309,6.1853,23.6581,2107.615
18.5204,73.8567,1.0,11,310,5.4397,23.743,1804.3538
18.5204,73.8567,1.0,11,311,4.3013,23.27,1548.0002
18.5204,73.8567,1.0,11,312,5.5919,26.681,2073.5355
18.5204,73.8567,1.0,11,313,6.5705,24.0445,2150.1289
18.5204,73.8567,1.0,11,314,5.9251,22.8818,2068.0029
18.5204,73.8567,1.0,11,315,4.9244,23.8096,1768.4991
18.5204,73.8567,1.0,11,316,5.2389,25.5123,1818.1898
18.5204,73.8567,1.0,11,317,5.0074,22.7368,1756.4864
18.5204,73.8567,1.0,11,318,5.5486,23.4128,1898.2586
18.5204,73.8567,1.0,11,319,5.1282,23.7135,1825.4207
18.5204,73.8567,1.0,11,320,5.7224,22.3929,1991.2444
18.5204,73.8567,1.0,11,321,5.7234,22.7313,2117.3608
18.5204,73.8567,1.0,11,322,5.5204,24.3081,1868.9628
18.5204,73.8567,1.0,11,323,5.5134,24.6604,1809.5815
18.5204,73.8567,1.0,11,324,4.9434,22.4359,1705.073
18.5204,73.8567,1.0,11,325,5.6578,22.8608,2076.2007
18.5204,73.8567,1.0,11,326,5.4786,20.8697,1866.9868
18.5204,73.8567,1.0,11,327,4.9304,22.0105,1705.179
18.5204,73.8567,1.0,11,328,5.3764,23.8065,1942.1179
18.5204,73.8567,1.0,11,329,5.6766,21.1101,1916.8111
18.5204,73.8567,1.0,11,330,4.4735,22.5644,1509.5844
18.5204,73.8567,1.0,11,331,4.7361,21.5507,1717.4793
18.5204,73.8567,1.0,11,332,5.6,21.6963,1953.0187
18.5204,73.8567,1.0,11,333,5.2501,22.072,1796.7995
18.5204,73.8567,1.0,11,334,4.7647,21.3371,1667.9431
18.5204,73.8567,1.0,12,335,4.7852,21.3759,1607.1333
18.5204,73.8567,1.0,12,336,4.6431,20.3978,1551.3739
18.5204,73.8567,1.0,12,337,5.4694,20.9798,1889.4429
18.5204,73.8567,1.0,12,338,4.7376,21.3038,1674.2087
18.5204,73.8567,1.0,12,339,5.39,20.8974,1907.752
18.5204,73.8567,1.0,12,340,4.2647,20.7668,1516.6053
18.5204,73.8567,1.0,12,341,5.1116,21.2023,1721.7865
18.5204,73.8567,1.0,12,342,4.8149,20.6692,1649.4097
18.5204,73.8567,1.0,12,343,4.1423,20.127,1432.6061
18.5204,73.8567,1.0,12,344,4.6139,20.3886,1641.3331
18.5204,73.8567,1.0,12,345,4.7195,23.3451,1575.2385
18.5204,73.8567,1.0,12,346,4.1795,22.312,1452.9242
18.5204,73.8567,1.0,12,347,4.9235,21.3722,1632.5706
18.5204,73.8567,1.0,12,348,4.6052,20.4132,1597.5758
18.5204,73.8567,1.0,12,349,4.2284,20.9455,1469.3839
18.5204,73.8567,1.0,12,350,5.2098,20.9834,1924.9921
18.5204,73.8567,1.0,12,351,4.8973,22.4721,1701.2737
18.5204,73.8567,1.0,12,352,4.1897,20.9319,1465.0368
18.5204,73.8567,1.0,12,353,4.1936,21.0939,1521.6269
18.5204,73.8567,1.0,12,354,4.9876,19.4128,1793.3712
18.5204,73.8567,1.0,12,355,4.3557,19.7827,1596.5606
18.5204,73.8567,1.0,12,356,5.1708,19.2511,1872.0964
18.5204,73.8567,1.0,12,357,4.2571,20.4577,1464.2877
18.5204,73.8567,1.0,12,358,5.0388,19.2822,1722.8105
18.5204,73.8567,1.0,12,359,3.7219,19.508,1286.9347
18.5204,73.8567,1.0,12,360,4.24,18.4189,1416.0565
18.5204,73.8567,1.0,12,361,4.7127,19.1782,1674.9397
18.5204,73.8567,1.0,12,362,4.6897,20.9175,1650.1264
18.5204,73.8567,1.0,12,363,4.8672,19.1797,1670.9412
18.5204,73.8567,1.0,12,364,4.0759,20.2288,1390.7205
18.5204,73.8567,1.0,12,365,4.4133,19.7693,1588.9087
18.5204,73.8567,1.0,1,1,3.4897,18.276,1231.0871
18.5204,73.8567,1.0,1,2,4.8144,19.5839,1745.7011
18.5204,73.8567,1.0,1,3,4.096,19.4531,1398.1764
18.5204,73.8567,1.0,1,4,4.0849,20.1636,1440.9278
18.5204,73.8567,1.0,1,5,4.5677,18.3359,1585.4634
18.5204,73.8567,1.0,1,6,4.0398,19.2844,1368.8929
18.5204,73.8567,1.0,1,7,3.9684,18.0599,1355.1176
18.5204,73.8567,1.0,1,8,4.6653,19.4827,1584.1095
18.5204,73.8567,1.0,1,9,4.183,21.3179,1354.9591
18.5204,73.8567,1.0,1,10,3.9656,19.3539,1389.6562
18.5204,73.8567,1.0,1,11,4.7285,19.8774,1633.5766
18.5204,73.8567,1.0,1,12,3.7909,20.321,1326.0295
18.5204,73.8567,1.0,1,13,4.2475,18.0343,1548.5005
18.5204,73.8567,1.0,1,14,3.9685,19.4668,1373.1503
18.5204,73.8567,1.0,1,15,4.7584,19.798,1652.5035
18.5204,73.8567,1.0,1,16,3.5433,20.9751,1265.2732
18.5204,73.8567,1.0,1,17,3.6404,18.3418,1321.0621
18.5204,73.8567,1.0,1,18,4.9449,18.7929,1768.0107
18.5204,73.8567,1.0,1,19,3.8912,20.0593,1378.1107
18.5204,73.8567,1.0,1,20,4.0455,19.9659,1510.4993
18.5204,73.8567,1.0,1,21,4.439,18.7082,1523.3942
18.5204,73.8567,1.0,1,22,3.8927,17.008,1299.858
18.5204,73.8567,1.0,1,23,3.7887,18.9248,1314.3608
18.5204,73.8567,1.0,1,24,4.2965,18.1816,1518.5975
18.5204,73.8567,1.0,1,25,4.5683,20.7209,1604.4117
18.5204,73.8567,1.0,1,26,4.4008,19.7341,1557.7223
18.5204,73.8567,1.0,1,27,4.0359,18.291,1395.7953
18.5204,73.8567,1.0,1,28,4.1527,18.9599,1485.664
18.5204,73.8567,1.0,1,29,4.0595,17.4449,1345.7771
18.5204,73.8567,1.0,1,30,4.6909,19.6421,1769.8598
18.5204,73.8567,1.0,1,31,3.9629,18.7224,1403.2407
18.5204,73.8567,1.0,2,32,3.2114,20.5892,1136.6205
18.5204,73.8567,1.0,2,33,3.8293,18.3549,1320.8738
18.5204,73.8567,1.0,2,34,5.1351,17.7973,1804.6944
18.5204,73.8567,1.0,2,35,4.2754,19.4877,1500.6368
18.5204,73.8567,1.0,2,36,4.282,17.9824,1455.6917
18.5204,73.8567,1.0,2,37,4.2601,18.3495,1486.8892
18.5204,73.8567,1.0,2,38,3.9156,18.6665,1326.1837
18.5204,73.8567,1.0,2,39,4.0878,20.3948,1393.0655
18.5204,73.8567,1.0,2,40,3.5941,21.136,1258.9198
18.5204,73.8567,1.0,2,41,2.9493,20.1803,1009.1066
18.5204,73.8567,1.0,2,42,4.1128,17.5542,1439.1894
18.5204,73.8567,1.0,2,43,3.8573,18.4103,1325.1175
18.5204,73.8567,1.0,2,44,3.4626,20.5369,1203.4803
18.5204,73.8567,1.0,2,45,4.1643,19.324,1360.7077
18.5204,73.8567,1.0,2,46,4.303,20.4415,1478.4988
18.5204,73.8567,1.0,2,47,4.0985,20.9039,1462.4295
18.5204,73.8567,1.0,2,48,3.9165,18.8962,1315.4041
18.5204,73.8567,1.0,2,49,3.9255,19.653,1414.6432
18.5204,73.8567,1.0,2,50,3.9881,20.0588,1479.0752
18.5204,73.8567,1.0,2,51,4.2126,19.4841,1456.9642
18.5204,73.8567,1.0,2,52,4.2909,18.7377,1490.3704
18.5204,73.8567,1.0,2,53,3.3844,19.9006,1156.1503
18.5204,73.8567,1.0,2,54,4.5235,18.9323,1618.5149
18.5204,73.8567,1.0,2,55,3.8148,17.4637,1320.4701
18.5204,73.8567,1.0,2,56,4.2203,19.1456,1415.484
18.5204,73.8567,1.0,2,57,3.6778,19.4641,1233.8222
18.5204,73.8567,1.0,2,58,3.824,18.3579,1266.8805
18.5204,73.8567,1.0,2,59,4.1417,19.567,1457.8447
18.5204,73.8567,1.0,2,60,4.4457,19.974,1604.5034
18.5204,73.8567,1.0,3,61,3.8395,20.1749,1371.1175
18.5204,73.8567,1.0,3,62,3.8676,19.5389,1347.0498
18.5204,73.8567,1.0,3,63,4.0972,19.9018,1373.1825
18.5204,73.8567,1.0,3,64,4.1903,18.4821,1479.6912
18.5204,73.8567,1.0,3,65,3.2552,20.6421,1199.0256
18.5204,73.8567,1.0,3,66,4.2716,19.7287,1501.824
18.5204,73.8567,1.0,3,67,4.4605,18.0101,1524.416
18.5204,73.8567,1.0,3,68,3.9795,17.1668,1434.8146
18.5204,73.8567,1.0,3,69,3.7991,20.9252,1256.7385
18.5204,73.8567,1.0,3,70,4.6756,18.1244,1701.3907
18.5204,73.8567,1.0,3,71,4.4924,23.004,1546.0892
18.5204,73.8567,1.0,3,72,3.7295,20.8825,1273.7972
18.5204,73.8567,1.0,3,73,4.4257,20.4264,1605.9313
18.5204,73.8567,1.0,3,74,4.153,20.6176,1509.7964
18.5204,73.8567,1.0,3,75,3.9588,21.6964,1415.4716
18.5204,73.8567,1.0,3,76,4.9482,21.5003,1726.6911
18.5204,73.8567,1.0,3,77,4.0066,18.1339,1429.1417
18.5204,73.8567,1.0,3,78,4.653,21.4551,1656.5028
18.5204,73.8567,1.0,3,79,4.0095,19.9018,1433.4719
18.5204,73.8567,1.0,3,80,4.1328,22.9506,1455.1817
18.5204,73.8567,1.0,3,81,4.4046,20.4447,1581.3601
18.5204,73.8567,1.0,3,82,4.3772,21.0188,1545.7204
18.5204,73.8567,1.0,3,83,4.3508,20.8935,1540.8277
18.5204,73.8567,1.0,3,84,4.7183,21.309,1707.5329
18.5204,73.8567,1.0,3,85,4.536,21.28,1620.6478
18.5204,73.8567,1.0,3,86,4.364,22.9898,1583.4809
18.5204,73.8567,1.0,3,87,4.1993,21.0249,1478.081
18.5204,73.8567,1.0,3,88,4.6377,21.5212,1609.3683
18.5204,73.8567,1.0,3,89,4.4725,22.7177,1597.5157
18.5204,73.8567,1.0,3,90,4.5406,22.55,1623.1656
18.5204,73.8567,1.0,3,91,4.6465,22.1779,1598.7797
18.5204,73.8567,1.0,4,92,4.205,23.6315,1416.9409
18.5204,73.8567,1.0,4,93,4.9903,23.2465,1836.5416
18.5204,73.8567,1.0,4,94,4.6069,22.3331,1560.9076
18.5204,73.8567,1.0,4,95,4.3813,23.3053,1538.8294
18.5204,73.8567,1.0,4,96,4.6481,22.4817,1625.125
18.5204,73.8567,1.0,4,97,4.4278,22.9069,1621.7688
18.5204,73.8567,1.0,4,98,4.8359,22.1266,1709.5737
18.5204,73.8567,1.0,4,99,4.8289,22.1777,1705.2894
18.5204,73.8567,1.0,4,100,4.8613,22.5901,1718.6575
18.5204,73.8567,1.0,4,101,4.7681,22.4513,1716.6997
18.5204,73.8567,1.0,4,102,4.4745,23.5282,1538.7147
18.5204,73.8567,1.0,4,103,4.806,23.1079,1618.4374
18.5204,73.8567,1.0,4,104,5.084,22.92,1778.5867
18.5204,73.8567,1.0,4,105,4.5643,22.1021,1561.9935
18.5204,73.8567,1.0,4,106,4.6327,24.5617,1569.9803
18.5204,73.8567,1.0,4,107,4.9672,22.0417,1762.3319
18.5204,73.8567,1.0,4,108,4.8247,23.7851,1639.9535
18.5204,73.8567,1.0,4,109,5.5286,24.6295,1930.1896
18.5204,73.8567,1.0,4,110,5.2273,24.293,1794.8604
18.5204,73.8567,1.0,4,111,5.1975,23.477,1826.1328
18.5204,73.8567,1.0,4,112,4.7437,23.8312,1722.082
18.5204,73.8567,1.0,4,113,4.3739,23.112,1560.6422
18.5204,73.8567,1.0,4,114,4.7064,26.2314,1676.4067
18.5204,73.8567,1.0,4,115,5.2674,23.5095,1816.3898
18.5204,73.8567,1.0,4,116,4.2973,24.6563,1519.5378
18.5204,73.8567,1.0,4,117,5.2295,24.6043,1787.3433
18.5204,73.8567,1.0,4,118,4.9162,25.8605,1757.3015
18.5204,73.8567,1.0,4,119,4.8562,25.9295,1747.779
18.5204,73.8567,1.0,4,120,5.2846,24.685,1925.8689
18.5204,73.8567,1.0,4,121,5.4491,25.6275,1759.8312
18.5204,73.8567,1.0,5,122,4.5932,25.3502,1627.5349
18.5204,73.8567,1.0,5,123,5.4127,26.1205,1895.4348
18.5204,73.8567,1.0,5,124,5.4405,25.161,1856.0841
18.5204,73.8567,1.0,5,125,5.4894,23.5525,1868.4161
18.5204,73.8567,1.0,5,126,5.5746,24.2726,2074.5057
18.5204,73.8567,1.0,5,127,4.2623,26.082,1522.1653
18.5204,73.8567,1.0,5,128,5.643,26.2244,1991.6308
18.5204,73.8567,1.0,5,129,4.8192,27.2578,1644.3384
18.5204,73.8567,1.0,5,130,5.4024,24.4174,1951.3922
18.5204,73.8567,1.0,5,131,5.7219,25.6965,1952.1195
18.5204,73.8567,1.0,5,132,5.321,25.6839,1862.6535
18.5204,73.8567,1.0,5,133,4.7892,26.9218,1772.8638
18.5204,73.8567,1.0,5,134,5.1644,25.2365,1821.6676
18.5204,73.8567,1.0,5,135,5.4329,26.4716,1827.8324
18.5204,73.8567,1.0,5,136,5.6927,26.2667,1926.8624
18.5204,73.8567,1.0,5,137,5.5601,26.9983,1982.3625
18.5204,73.8567,1.0,5,138,5.5039,27.5939,1873.8776
18.5204,73.8567,1.0,5,139,5.4246,26.5183,1960.5806
18.5204,73.8567,1.0,5,140,4.8128,27.6796,1618.938
18.5204,73.8567,1.0,5,141,5.443,28.2841,1905.3619
18.5204,73.8567,1.0,5,142,5.5652,26.7023,1939.9515
18.5204,73.8567,1.0,5,143,6.0675,26.3672,2090.8753
18.5204,73.8567,1.0,5,144,5.4462,27.8476,2009.0635
18.5204,73.8567,1.0,5,145,5.6411,27.5111,1994.0873
18.5204,73.8567,1.0,5,146,5.5904,27.8066,2034.428
18.5204,73.8567,1.0,5,147,5.1308,28.8956,1868.533
18.5204,73.8567,1.0,5,148,5.9143,28.0265,2050.491
18.5204,73.8567,1.0,5,149,5.0497,27.4769,1750.1205
18.5204,73.8567,1.0,5,150,4.9139,29.6234,1645.2576
18.5204,73.8567,1.0,5,151,4.5368,27.0447,1566.7078
18.5204,73.8567,1.0,5,152,5.6563,30.0679,1934.8269
18.5204,73.8567,1.0,6,153,5.4032,28.7474,1852.3102
18.5204,73.8567,1.0,6,154,5.083,28.972,1772.6333
18.5204,73.8567,1.0,6,155,4.6551,30.0885,1638.6969
18.5204,73.8567,1.0,6,156,5.5287,27.8875,1902.7296
18.5204,73.8567,1.0,6,157,5.6621,27.3934,1976.9309
18.5204,73.8567,1.0,6,158,5.1793,30.2041,1780.5069
18.5204,73.8567,1.0,6,159,4.761,28.9575,1614.2024
18.5204,73.8567,1.0,6,160,5.5014,30.1471,1887.3351
18.5204,73.8567,1.0,6,161,5.7064,27.8356,1973.2348
18.5204,73.8567,1.0,6,162,5.3893,27.4475,1857.6398
18.5204,73.8567,1.0,6,163,6.0619,29.0979,2090.5574
18.5204,73.8567,1.0,6,164,5.4677,29.4558,1976.7254
18.5204,73.8567,1.0,6,165,5.0691,30.277,1696.8062
18.5204,73.8567,1.0,6,166,5.0178,30.4697,1740.4734
18.5204,73.8567,1.0,6,167,5.4559,30.2788,1981.0635
18.5204,73.8567,1.0,6,168,4.9954,28.8174,1731.5594
18.5204,73.8567,1.0,6,169,5.6978,29.2528,2062.141
18.5204,73.8567,1.0,6,170,5.1089,30.5732,1814.5866
18.5204,73.8567,1.0,6,171,5.0246,30.0379,1746.3423
18.5204,73.8567,1.0,6,172,5.6009,31.1202,1912.3418
18.5204,73.8567,1.0,6,173,4.7787,26.7187,1652.4294
18.5204,73.8567,1.0,6,174,4.6878,29.5355,1610.5198
18.5204,73.8567,1.0,6,175,4.2755,29.2849,1462.2716
18.5204,73.8567,1.0,6,176,4.6094,29.9436,1671.4039
18.5204,73.8567,1.0,6,177,5.0633,29.8731,1788.6013
18.5204,73.8567,1.0,6,178,5.4879,30.5174,1866.8673
18.5204,73.8567,1.0,6,179,4.8309,30.6198,1671.396
18.5204,73.8567,1.0,6,180,5.0252,31.2777,1655.0575
18.5204,73.8567,1.0,6,181,4.5758,32.0496,1538.1561
18.5204,73.8567,1.0,6,182,4.776,30.3665,1619.4134
18.5204,73.8567,1.0,7,183,4.1718,29.2181,1338.7786
18.5204,73.8567,1.0,7,184,4.9012,31.7401,1713.8733
18.5204,73.8567,1.0,7,185,4.8764,31.4647,1791.1198
18.5204,73.8567,1.0,7,186,4.053,29.9598,1401.0718
18.5204,73.8567,1.0,7,187,5.0497,31.5505,1799.0658
18.5204,73.8567,1.0,7,188,5.1178,30.3463,1731.3714
18.5204,73.8567,1.0,7,189,5.2046,31.3221,1767.436
18.5204,73.8567,1.0,7,190,4.0933,31.6061,1531.7154
18.5204,73.8567,1.0,7,191,5.4494,31.1627,1862.1803
18.5204,73.8567,1.0,7,192,4.7989,29.8708,1726.66
18.5204,73.8567,1.0,7,193,4.0868,31.4133,1383.816
18.5204,73.8567,1.0,7,194,4.104,30.0323,1397.1895
18.5204,73.8567,1.0,7,195,4.4775,31.1244,1597.7522
18.5204,73.8567,1.0,7,196,3.933,34.175,1424.3985
18.5204,73.8567,1.0,7,197,3.8165,28.6839,1318.8884
18.5204,73.8567,1.0,7,198,4.7422,31.6703,1650.237
18.5204,73.8567,1.0,7,199,4.3647,30.6266,1520.4144
18.5204,73.8567,1.0,7,200,4.3851,32.693,1422.6872
18.5204,73.8567,1.0,7,201,4.5331,31.7947,1516.9584
18.5204,73.8567,1.0,7,202,3.8809,30.273,1384.9045
18.5204,73.8567,1.0,7,203,3.9538,33.239,1418.4642
18.5204,73.8567,1.0,7,204,4.0402,30.6659,1357.4897
18.5204,73.8567,1.0,7,205,3.8884,31.3157,1372.3416
18.5204,73.8567,1.0,7,206,4.37,30.4094,1463.63
18.5204,73.8567,1.0,7,207,4.4309,32.291,1560.3344
18.5204,73.8567,1.0,7,208,4.5529,30.1414,1634.4966
18.5204,73.8567,1.0,7,209,4.6748,30.3228,1695.6719
18.5204,73.8567,1.0,7,210,4.4993,32.1721,1531.8647
18.5204,73.8567,1.0,7,211,4.5065,31.1645,1604.6448
18.5204,73.8567,1.0,7,212,3.6961,30.7739,1314.2413
18.5204,73.8567,1.0,7,213,4.2318,29.4566,1493.3466
18.5204,73.8567,1.0,8,214,4.5489,30.0688,1623.6632
18.5204,73.8567,1.0,8,215,4.1836,32.5813,1482.2102
18.5204,73.8567,1.0,8,216,4.8773,29.9976,1739.2017
18.5204,73.8567,1.0,8,217,4.4998,29.1552,1624.8597
18.5204,73.8567,1.0,8,218,3.756,30.3428,1224.6062
18.5204,73.8567,1.0,8,219,4.3242,30.3744,1503.5854
18.5204,73.8567,1.0,8,220,4.5472,31.3926,1561.275
18.5204,73.8567,1.0,8,221,4.5931,32.2379,1678.3868
18.5204,73.8567,1.0,8,222,4.3822,30.7827,1609.0549
18.5204,73.8567,1.0,8,223,4.1091,30.0373,1536.9045
18.5204,73.8567,1.0,8,224,4.6044,29.6755,1667.8514
18.5204,73.8567,1.0,8,225,4.2467,29.1344,1473.152
18.5204,73.8567,1.0,8,226,4.3582,30.5396,1463.2793
18.5204,73.8567,1.0,8,227,5.1572,30.4583,1851.2722
18.5204,73.8567,1.0,8,228,4.2744,31.3592,1535.7201
18.5204,73.8567,1.0,8,229,4.7257,30.0078,1561.8012
18.5204,73.8567,1.0,8,230,5.1393,31.8168,1730.9588
18.5204,73.8567,1.0,8,231,4.767,31.1061,1714.8172
18.5204,73.8567,1.0,8,232,4.0535,32.2012,1408.9166
18.5204,73.8567,1.0,8,233,4.6061,31.3216,1658.8956
18.5204,73.8567,1.0,8,234,4.8195,30.6195,1664.7174
18.5204,73.8567,1.0,8,235,4.8552,30.1934,1674.15
18.5204,73.8567,1.0,8,236,4.9805,30.5968,1694.6178
18.5204,73.8567,1.0,8,237,5.0651,30.0475,1795.144
18.5204,73.8567,1.0,8,238,4.942,31.2487,1766.7489
18.5204,73.8567,1.0,8,239,4.6732,28.3541,1657.3005
18.5204,73.8567,1.0,8,240,5.1436,30.5843,1786.2366
18.5204,73.8567,1.0,8,241,5.2082,29.923,1823.6801
18.5204,73.8567,1.0,8,242,5.0523,30.712,1726.0889
18.5204,73.8567,1.0,8,243,4.9379,31.8558,1659.153
18.5204,73.8567,1.0,8,244,4.8001,30.1401,1736.7243
18.5204,73.8567,1.0,9,245,6.4472,29.5252,2285.7984
18.5204,73.8567,1.0,9,246,4.5978,30.954,1592.9144
18.5204,73.8567,1.0,9,247,4.7086,30.3874,1566.3007
18.5204,73.8567,1.0,9,248,5.4537,31.3552,1873.4571
18.5204,73.8567,1.0,9,249,5.9418,31.4889,2163.5998
18.5204,73.8567,1.0,9,250,4.9539,30.7511,1769.2201
18.5204,73.8567,1.0,9,251,5.4248,32.0366,1976.2443
18.5204,73.8567,1.0,9,252,5.3798,30.832,1824.5367
18.5204,73.8567,1.0,9,253,5.6941,30.8746,1980.4887
18.5204,73.8567,1.0,9,254,6.2244,29.8439,2149.1026
18.5204,73.8567,1.0,9,255,5.6183,28.9849,1937.0893
18.5204,73.8567,1.0,9,256,6.0285,29.3583,2118.191
18.5204,73.8567,1.0,9,257,6.3283,30.2631,2218.4126
18.5204,73.8567,1.0,9,258,5.8181,29.1047,2010.6042
18.5204,73.8567,1.0,9,259,6.2588,28.0615,2110.1476
18.5204,73.8567,1.0,9,260,4.9674,27.4457,1660.9655
18.5204,73.8567,1.0,9,261,4.7656,28.4636,1603.1268
18.5204,73.8567,1.0,9,262,5.611,27.5878,1976.0107
18.5204,73.8567,1.0,9,263,5.6571,29.5794,2030.684
18.5204,73.8567,1.0,9,264,5.7541,27.3575,2062.8401
18.5204,73.8567,1.0,9,265,4.7589,28.7404,1649.8317
18.5204,73.8567,1.0,9,266,5.9217,27.9315,2062.4487
18.5204,73.8567,1.0,9,267,6.1067,26.3785,2259.485
18.5204,73.8567,1.0,9,268,5.7992,28.4698,2057.1923
18.5204,73.8567,1.0,9,269,6.2325,26.582,2211.9699
18.5204,73.8567,1.0,9,270,5.8633,29.1039,2077.3785
18.5204,73.8567,1.0,9,271,5.9549,30.2028,2125.3686
18.5204,73.8567,1.0,9,272,4.9463,28.1911,1643.8589
18.5204,73.8567,1.0,9,273,5.9664,27.0193,2099.6145
18.5204,73.8567,1.0,9,274,6.343,27.3928,2252.6256
18.5204,73.8567,1.0,10,275,5.8376,28.8256,1915.2835
18.5204,73.8567,1.0,10,276,5.9676,27.6321,2174.2587
18.5204,73.8567,1.0,10,277,5.2205,27.6697,1824.9452
18.5204,73.8567,1.0,10,278,5.9418,26.8733,2056.2971
18.5204,73.8567,1.0,10,279,5.9822,28.0731,2129.3694
18.5204,73.8567,1.0,10,280,5.5507,28.4299,2017.9507
18.5204,73.8567,1.0,10,281,6.1102,27.3542,2201.5173
18.5204,73.8567,1.0,10,282,6.1475,28.4304,2238.0788
18.5204,73.8567,1.0,10,283,5.4723,26.7463,1912.6812
18.5204,73.8567,1.0,10,284,5.6029,27.0963,2057.0025
18.5204,73.8567,1.0,10,285,6.2298,26.3236,2122.7014
18.5204,73.8567,1.0,10,286,5.4867,28.5307,1907.2553
18.5204,73.8567,1.0,10,287,6.4953,26.1313,2344.5646
18.5204,73.8567,1.0,10,288,6.337,27.5463,2102.4834
18.5204,73.8567,1.0,10,289,5.2759,27.2701,1941.8125
18.5204,73.8567,1.0,10,290,5.931,27.5845,1981.0635
18.5204,73.8567,1.0,10,291,6.3035,27.528,2219.2206
18.5204,73.8567,1.0,10,292,5.9263,25.1444,2124.4299
18.5204,73.8567,1.0,10,293,5.176,27.9237,1848.341
18.5204,73.8567,1.0,10,294,5.3833,24.1888,1897.7245
18.5204,73.8567,1.0,10,295,6.1842,26.0604,1977.069
18.5204,73.8567,1.0,10,296,5.8425,25.9217,1937.0636
18.5204,73.8567,1.0,10,297,6.8096,25.4201,2285.3519
18.5204,73.8567,1.0,10,298,5.9835,25.5593,2156.4535
18.5204,73.8567,1.0,10,299,5.2783,26.2406,1847.5931
18.5204,73.8567,1.0,10,300,5.4654,26.9427,1891.5038
18.5204,73.8567,1.0,10,301,4.9971,23.9475,1744.4652
18.5204,73.8567,1.0,10,302,5.3966,26.4941,1898.2248
18.5204,73.8567,1.0,10,303,4.8388,24.5785,1618.5079
18.5204,73.8567,1.0,10,304,6.1506,24.0849,2222.5419
18.5204,73.8567,1.0,10,305,5.6337,25.7206,1950.086
18.5204,73.8567,1.0,11,306,5.6708,23.2657,2019.8533
18.5204,73.8567,1.0,11,307,6.0434,24.8343,2118.6115
18.5204,73.8567,1.0,11,308,5.4066,24.6613,1812.5099
18.5204,73.8567,1.0,11,309,5.186,25.1921,1789.5346
18.5204,73.8567,1.0,11,310,5.3308,23.4172,1834.7542
18.5204,73.8567,1.0,11,311,5.6421,25.5469,2001.063
18.5204,73.8567,1.0,11,312,6.1382,24.3295,2255.4854
18.5204,73.8567,1.0,11,313,5.5712,23.3389,1971.0243
18.5204,73.8567,1.0,11,314,5.5008,24.9509,1907.1767
18.5204,73.8567,1.0,11,315,5.2661,22.482,1837.356
18.5204,73.8567,1.0,11,316,4.5342,22.7135,1600.6876
18.5204,73.8567,1.0,11,317,5.449,24.0828,1887.2235
18.5204,73.8567,1.0,11,318,5.7359,22.2626,2008.2636
18.5204,73.8567,1.0,11,319,5.4105,22.6729,1867.2285
18.5204,73.8567,1.0,11,320,5.0752,24.4172,1757.4173
18.5204,73.8567,1.0,11,321,5.2514,22.006,1780.2048
18.5204,73.8567,1.0,11,322,5.4466,20.2514,1934.6357
18.5204,73.8567,1.0,11,323,5.657,22.4452,2021.2262
18.5204,73.8567,1.0,11,324,5.8212,22.5924,2063.6153
18.5204,73.8567,1.0,11,325,5.8225,22.8809,2093.445
18.5204,73.8567,1.0,11,326,5.0905,21.5458,1813.8465
18.5204,73.8567,1.0,11,327,5.4002,23.613,1812.7624
18.5204,73.8567,1.0,11,328,5.4935,21.8775,1921.609
18.5204,73.8567,1.0,11,329,5.283,21.2221,1792.4274
18.5204,73.8567,1.0,11,330,4.1916,23.2869,1548.7297
18.5204,73.8567,1.0,11,331,5.377,23.4814,1890.0268
18.5204,73.8567,1.0,11,332,4.783,22.9417,1623.7126
18.5204,73.8567,1.0,11,333,4.8568,21.6539,1819.077
18.5204,73.8567,1.0,11,334,4.8306,21.4721,1653.0651
18.5204,73.8567,1.0,11,335,4.7457,23.6079,1620.921
18.5204,73.8567,1.0,12,336,5.0723,21.9005,1853.0945
18.5204,73.8567,1.0,12,337,5.2334,22.0517,1848.2399
18.5204,73.8567,1.0,12,338,4.4957,20.4786,1594.2676
18.5204,73.8567,1.0,12,339,5.6622,20.5228,2081.1878
18.5204,73.8567,1.0,12,340,4.747,21.9258,1629.6555
18.5204,73.8567,1.0,12,341,5.1503,21.7798,1831.5453
18.5204,73.8567,1.0,12,342,4.7813,20.8334,1695.7729
18.5204,73.8567,1.0,12,343,5.309,21.7875,1858.2291
18.5204,73.8567,1.0,12,344,5.5265,21.2028,1977.5985
18.5204,73.8567,1.0,12,345,4.8067,20.8904,1682.393
18.5204,73.8567,1.0,12,346,4.9975,20.4675,1826.0124
18.5204,73.8567,1.0,12,347,4.5583,22.0408,1590.1694
18.5204,73.8567,1.0,12,348,4.7236,20.3769,1665.1423
18.5204,73.8567,1.0,12,349,5.3758,20.0172,1877.5998
18.5204,73.8567,1.0,12,350,4.5995,21.2364,1676.0068
18.5204,73.8567,1.0,12,351,5.2087,21.0784,1808.8098
18.5204,73.8567,1.0,12,352,4.6958,18.2309,1615.0658
18.5204,73.8567,1.0,12,353,4.3366,20.3768,1541.977
18.5204,73.8567,1.0,12,354,4.0819,20.1245,1456.85
18.5204,73.8567,1.0,12,355,5.5444,20.4,1998.7192
18.5204,73.8567,1.0,12,356,4.2829,20.4967,1479.1785
18.5204,73.8567,1.0,12,357,5.1379,19.7996,1724.8497
18.5204,73.8567,1.0,12,358,5.2254,17.7156,1790.8325
18.5204,73.8567,1.0,12,359,4.0722,17.8593,1444.6347
18.5204,73.8567,1.0,12,360,4.6108,19.0199,1607.367
18.5204,73.8567,1.0,12,361,4.9058,18.6792,1740.5052
18.5204,73.8567,1.0,12,362,4.5397,20.2936,1649.3838
18.5204,73.8567,1.0,12,363,4.4805,23.0431,1464.0188
18.5204,73.8567,1.0,12,364,4.5137,19.3436,1644.9774
18.5204,73.8567,1.0,12,365,4.7976,20.8007,1672.007
18.5204,73.8567,1.0,12,366,3.9968,20.5238,1426.8617
18.5204,73.8567,1.0,1,1,4.3187,19.4756,1490.6271
18.5204,73.8567,1.0,1,2,4.443,21.271,1598.6464
18.5204,73.8567,1.0,1,3,4.8673,18.3352,1667.2931
18.5204,73.8567,1.0,1,4,4.1633,20.1055,1455.9969
18.5204,73.8567,1.0,1,5,4.464,20.5783,1605.4757
18.5204,73.8567,1.0,1,6,4.1302,18.2323,1482.9849
18.5204,73.8567,1.0,1,7,4.4556,20.6605,1561.4295
18.5204,73.8567,1.0,1,8,4.2472,21.0175,1446.8173
18.5204,73.8567,1.0,1,9,4.5604,20.0541,1606.0239
18.5204,73.8567,1.0,1,10,3.8205,18.7481,1299.3477
18.5204,73.8567,1.0,1,11,3.5052,18.23,1247.5464
18.5204,73.8567,1.0,1,12,4.5433,19.3388,1598.6203
18.5204,73.8567,1.0,1,13,4.2878,22.4174,1480.4818
18.5204,73.8567,1.0,1,14,3.9024,21.2018,1346.4277
18.5204,73.8567,1.0,1,15,4.0733,20.2419,1396.3565
18.5204,73.8567,1.0,1,16,4.7904,19.4034,1683.9692
18.5204,73.8567,1.0,1,17,3.9426,19.7818,1430.0565
18.5204,73.8567,1.0,1,18,4.501,19.424,1587.5446
18.5204,73.8567,1.0,1,19,3.125,18.0787,1081.3136
18.5204,73.8567,1.0,1,20,4.3329,19.3001,1523.3298
18.5204,73.8567,1.0,1,21,4.1055,18.3535,1516.5162
18.5204,73.8567,1.0,1,22,4.1366,19.3332,1472.6837
18.5204,73.8567,1.0,1,23,3.5658,19.7141,1224.0156
18.5204,73.8567,1.0,1,24,4.3168,18.3859,1406.2643
18.5204,73.8567,1.0,1,25,4.0652,19.6629,1455.3409
18.5204,73.8567,1.0,1,26,3.602,17.5305,1243.4269
18.5204,73.8567,1.0,1,27,4.8743,20.4487,1739.4565
18.5204,73.8567,1.0,1,28,4.6387,19.7086,1576.0637
18.5204,73.8567,1.0,1,29,3.731,20.0669,1295.9998
18.5204,73.8567,1.0,1,30,3.6852,18.4845,1289.0834
18.5204,73.8567,1.0,1,31,4.1238,18.372,1426.756
18.5204,73.8567,1.0,2,32,3.8323,20.3019,1305.9622
18.5204,73.8567,1.0,2,33,4.1049,19.8867,1444.2469
18.5204,73.8567,1.0,2,34,3.7651,18.121,1317.9148
18.5204,73.8567,1.0,2,35,4.711,17.416,1597.893
18.5204,73.8567,1.0,2,36,4.2668,18.4264,1535.3548
18.5204,73.8567,1.0,2,37,3.8019,18.9018,1350.7438
18.5204,73.8567,1.0,2,38,3.3182,20.5809,1160.0873
18.5204,73.8567,1.0,2,39,3.8349,18.7216,1382.097
18.5204,73.8567,1.0,2,40,4.369,17.3319,1515.5868
18.5204,73.8567,1.0,2,41,4.7712,19.815,1657.895
18.5204,73.8567,1.0,2,42,4.2748,19.8336,1476.0529
18.5204,73.8567,1.0,2,43,4.5557,19.3365,1652.2667
18.5204,73.8567,1.0,2,44,3.9325,19.7621,1396.0934
18.5204,73.8567,1.0,2,45,3.8701,17.3931,1383.9399
18.5204,73.8567,1.0,2,46,3.4908,20.8202,1289.4591
18.5204,73.8567,1.0,2,47,3.3811,18.4626,1147.5213
18.5204,73.8567,1.0,2,48,3.9337,18.4234,1337.3446
18.5204,73.8567,1.0,2,49,3.3247,19.1616,1152.6309
18.5204,73.8567,1.0,2,50,4.1952,19.7955,1497.1328
18.5204,73.8567,1.0,2,51,4.1211,20.1068,1413.339
18.5204,73.8567,1.0,2,52,3.5975,18.7165,1170.8816
18.5204,73.8567,1.0,2,53,3.8065,18.532,1293.4628
18.5204,73.8567,1.0,2,54,4.4696,20.3114,1519.5496
18.5204,73.8567,1.0,2,55,3.4762,18.5433,1252.5679
18.5204,73.8567,1.0,2,56,4.0087,18.3528,1465.0125
18.5204,73.8567,1.0,2,57,4.4211,20.9002,1578.7075
18.5204,73.8567,1.0,2,58,4.3773,20.0244,1544.6285
18.5204,73.8567,1.0,2,59,3.1267,19.9827,1032.167
18.5204,73.8567,1.0,3,60,3.7622,19.5377,1357.6299
18.5204,73.8567,1.0,3,61,4.0814,22.6891,1406.1176
18.5204,73.8567,1.0,3,62,4.3248,20.2302,1568.9198
18.5204,73.8567,1.0,3,63,4.0314,19.0741,1328.2654
18.5204,73.8567,1.0,3,64,4.3165,20.1082,1518.0958
18.5204,73.8567,1.0,3,65,4.0457,20.442,1350.4629
18.5204,73.8567,1.0,3,66,4.962,21.518,1760.8343
18.5204,73.8567,1.0,3,67,4.2805,19.6727,1514.6499
18.5204,73.8567,1.0,3,68,4.5937,19.1476,1619.1315
18.5204,73.8567,1.0,3,69,4.5092,20.815,1575.222
18.5204,73.8567,1.0,3,70,4.7601,22.435,1642.0023
18.5204,73.8567,1.0,3,71,4.2736,20.8289,1545.6471
18.5204,73.8567,1.0,3,72,3.7155,23.0152,1288.7568
18.5204,73.8567,1.0,3,73,3.9597,19.98,1435.9608
18.5204,73.8567,1.0,3,74,3.719,20.668,1272.4009
18.5204,73.8567,1.0,3,75,4.0983,22.7122,1426.0815
18.5204,73.8567,1.0,3,76,4.8922,20.9362,1702.1466
18.5204,73.8567,1.0,3,77,4.8825,19.9629,1664.5173
18.5204,73.8567,1.0,3,78,4.6519,19.0396,1618.8106
18.5204,73.8567,1.0,3,79,3.61,21.2923,1278.0283
18.5204,73.8567,1.0,3,80,4.34,21.7454,1472.9284
18.5204,73.8567,1.0,3,81,4.0456,22.2225,1423.7792
18.5204,73.8567,1.0,3,82,4.6004,20.955,1581.1826
18.5204,73.8567,1.0,3,83,4.4446,20.1967,1481.8874
18.5204,73.8567,1.0,3,84,3.978,21.9326,1352.3179
18.5204,73.8567,1.0,3,85,4.0935,23.4608,1397.2431
18.5204,73.8567,1.0,3,86,4.038,21.5211,1470.7733
18.5204,73.8567,1.0,3,87,4.636,22.4168,1633.2211
18.5204,73.8567,1.0,3,88,4.759,21.8757,1670.7859
18.5204,73.8567,1.0,3,89,4.2563,21.3664,1519.5015
18.5204,73.8567,1.0,3,90,5.1695,22.7403,1886.5073
18.5204,73.8567,1.0,4,91,4.1624,22.4839,1429.0565
18.5204,73.8567,1.0,4,92,4.7835,24.1039,1689.3141
18.5204,73.8567,1.0,4,93,4.369,22.6122,1545.9272
18.5204,73.8567,1.0,4,94,5.2722,22.4576,1725.0698
18.5204,73.8567,1.0,4,95,4.0258,21.6257,1467.4012
18.5204,73.8567,1.0,4,96,5.1748,22.2162,1826.1339
18.5204,73.8567,1.0,4,97,4.3576,21.6567,1518.6795
18.5204,73.8567,1.0,4,98,4.5164,21.3476,1631.3028
18.5204,73.8567,1.0,4,99,5.1952,23.2945,1820.0343
18.5204,73.8567,1.0,4,100,4.8382,22.2393,1719.8721
18.5204,73.8567,1.0,4,101,5.5163,22.9788,2021.522
18.5204,73.8567,1.0,4,102,4.7194,24.0197,1580.0395
18.5204,73.8567,1.0,4,103,5.7214,23.207,2010.0455
18.5204,73.8567,1.0,4,104,5.3522,23.6287,1850.0401
18.5204,73.8567,1.0,4,105,5.0968,24.7616,1781.1245
18.5204,73.8567,1.0,4,106,5.084,23.8181,1734.3798
18.5204,73.8567,1.0,4,107,4.7696,22.6573,1626.6332
18.5204,73.8567,1.0,4,108,4.5002,22.3915,1479.0652
18.5204,73.8567,1.0,4,109,4.9767,23.4191,1792.2203
18.5204,73.8567,1.0,4,110,5.0555,21.0527,1781.1399
18.5204,73.8567,1.0,4,111,4.8063,23.6377,1752.9437
18.5204,73.8567,1.0,4,112,3.7537,24.1964,1318.1596
18.5204,73.8567,1.0,4,113,4.3838,23.5877,1563.4643
18.5204,73.8567,1.0,4,114,4.8051,25.1973,1524.1099
18.5204,73.8567,1.0,4,115,5.6408,25.307,2042.6026
18.5204,73.8567,1.0,4,116,5.1657,24.3659,1780.9679
18.5204,73.8567,1.0,4,117,4.9463,25.145,1709.0556
18.5204,73.8567,1.0,4,118,5.1669,24.6883,1882.778
18.5204,73.8567,1.0,4,119,5.0516,26.3888,1791.45
18.5204,73.8567,1.0,4,120,4.8186,24.7578,1647.0956
18.5204,73.8567,1.0,5,121,5.2194,23.4616,1787.7978
18.5204,73.8567,1.0,5,122,5.5542,25.9132,1896.8089
18.5204,73.8567,1.0,5,123,5.1704,27.0548,1756.5865
18.5204,73.8567,1.0,5,124,5.5911,25.9279,1973.2275
18.5204,73.8567,1.0,5,125,5.1193,24.8746,1784.4169
18.5204,73.8567,1.0,5,126,5.2687,26.8691,1770.2614
18.5204,73.8567,1.0,5,127,5.4238,25.0449,1883.8748
18.5204,73.8567,1.0,5,128,4.8418,26.6672,1643.849
18.5204,73.8567,1.0,5,129,5.3372,25.6991,1878.4948
18.5204,73.8567,1.0,5,130,5.6994,24.8154,1987.9714
18.5204,73.8567,1.0,5,131,4.9571,26.335,1666.5499
18.5204,73.8567,1.0,5,132,5.4644,27.4782,1865.8624
18.5204,73.8567,1.0,5,133,5.3997,26.1894,1832.3417
18.5204,73.8567,1.0,5,134,4.6214,27.6968,1671.5431
18.5204,73.8567,1.0,5,135,5.265,27.5663,1942.7154
18.5204,73.8567,1.0,5,136,5.1296,26.381,1842.438
18.5204,73.8567,1.0,5,137,6.4712,27.764,2224.3172
18.5204,73.8567,1.0,5,138,5.5139,28.4983,2017.368
18.5204,73.8567,1.0,5,139,5.9238,29.0281,2123.9393
18.5204,73.8567,1.0,5,140,5.0188,26.74,1741.9668
18.5204,73.8567,1.0,5,141,5.0041,26.2722,1769.8169
18.5204,73.8567,1.0,5,142,5.3634,29.4891,1815.6107
18.5204,73.8567,1.0,5,143,5.5886,26.2535,2059.4129
18.5204,73.8567,1.0,5,144,6.2051,26.6573,2255.7844
18.5204,73.8567,1.0,5,145,5.0677,26.8165,1786.0407
18.5204,73.8567,1.0,5,146,5.631,25.8003,1906.2418
18.5204,73.8567,1.0,5,147,5.4052,28.3174,1949.7756
18.5204,73.8567,1.0,5,148,5.7342,26.9619,1983.8246
18.5204,73.8567,1.0,5,149,5.3532,27.154,1814.4782
18.5204,73.8567,1.0,5,150,5.3259,27.1955,1913.3955
18.5204,73.8567,1.0,5,151,5.6894,27.937,1955.8711
18.5204,73.8567,1.0,6,152,5.813,28.8286,1929.5722
18.5204,73.8567,1.0,6,153,4.6905,28.4267,1688.1395
18.5204,73.8567,1.0,6,154,5.907,26.9722,2149.9799
18.5204,73.8567,1.0,6,155,5.4821,28.3214,1879.5026
18.5204,73.8567,1.0,6,156,5.4305,28.3901,1817.9576
18.5204,73.8567,1.0,6,157,5.0426,28.987,1742.3155
18.5204,73.8567,1.0,6,158,5.415,30.4432,1963.8281
18.5204,73.8567,1.0,6,159,5.531,29.1208,2034.7386
18.5204,73.8567,1.0,6,160,5.4308,29.9409,1880.8752
18.5204,73.8567,1.0,6,161,4.8815,28.4033,1786.0904
18.5204,73.8567,1.0,6,162,5.3745,29.7019,1927.396
18.5204,73.8567,1.0,6,163,5.1143,29.0068,1685.4331
18.5204,73.8567,1.0,6,164,5.1255,29.1694,1810.1418
18.5204,73.8567,1.0,6,165,6.0705,27.3903,2191.6882
18.5204,73.8567,1.0,6,166,4.7858,29.6603,1632.0003
18.5204,73.8567,1.0,6,167,5.1442,30.9408,1817.5682
18.5204,73.8567,1.0,6,168,4.8626,27.8189,1718.0533
18.5204,73.8567,1.0,6,169,4.8561,30.5329,1697.5557
18.5204,73.8567,1.0,6,170,4.9698,30.3487,1815.9824
18.5204,73.8567,1.0,6,171,4.792,28.8252,1656.8581
18.5204,73.8567,1.0,6,172,4.934,29.9141,1757.1761
18.5204,73.8567,1.0,6,173,4.519,28.2641,1532.5683
18.5204,73.8567,1.0,6,174,4.819,28.5795,1679.0299
18.5204,73.8567,1.0,6,175,5.3819,28.8022,1838.9439
18.5204,73.8567,1.0,6,176,5.3123,29.8681,1796.853
18.5204,73.8567,1.0,6,177,4.7502,30.5011,1706.2661
18.5204,73.8567,1.0,6,178,4.7437,29.5248,1654.7158
18.5204,73.8567,1.0,6,179,4.2267,29.9313,1455.0541
18.5204,73.8567,1.0,6,180,5.5017,26.9851,2049.468
18.5204,73.8567,1.0,6,181,4.1347,30.6337,1458.9738
18.5204,73.8567,1.0,7,182,4.4993,31.3584,1601.1312
18.5204,73.8567,1.0,7,183,4.8424,29.186,1640.5098
18.5204,73.8567,1.0,7,184,4.4364,31.8926,1497.6301
18.5204,73.8567,1.0,7,185,4.8913,31.2233,1734.2722
18.5204,73.8567,1.0,7,186,4.3092,30.6739,1471.191
18.5204,73.8567,1.0,7,187,4.0814,30.5925,1437.5371
18.5204,73.8567,1.0,7,188,4.5322,31.534,1571.6859
18.5204,73.8567,1.0,7,189,3.9982,30.9769,1373.007
18.5204,73.8567,1.0,7,190,4.2918,27.9117,1502.7991
18.5204,73.8567,1.0,7,191,4.7325,31.6407,1679.2207
18.5204,73.8567,1.0,7,192,4.2817,30.6736,1473.0752
18.5204,73.8567,1.0,7,193,4.7405,30.5581,1679.6079
18.5204,73.8567,1.0,7,194,4.5673,32.0543,1532.1043
18.5204,73.8567,1.0,7,195,4.2873,30.3087,1545.4794
18.5204,73.8567,1.0,7,196,4.4758,30.4441,1677.8195
18.5204,73.8567,1.0,7,197,4.3807,32.0697,1545.3636
18.5204,73.8567,1.0,7,198,4.6425,28.7533,1614.0674
18.5204,73.8567,1.0,7,199,4.6223,31.6235,1544.2192
18.5204,73.8567,1.0,7,200,4.8303,32.8309,1632.1492
18.5204,73.8567,1.0,7,201,4.0033,31.7967,1380.5312
18.5204,73.8567,1.0,7,202,4.6705,30.6627,1603.8784
18.5204,73.8567,1.0,7,203,4.519,30.2991,1581.5223
18.5204,73.8567,1.0,7,204,3.8744,29.0045,1320.0177
18.5204,73.8567,1.0,7,205,4.3981,31.8284,1613.6706
18.5204,73.8567,1.0,7,206,4.9836,30.4032,1757.3866
18.5204,73.8567,1.0,7,207,3.9797,33.2662,1424.3195
18.5204,73.8567,1.0,7,208,4.9278,30.7351,1659.6334
18.5204,73.8567,1.0,7,209,4.0076,32.2148,1408.5933
18.5204,73.8567,1.0,7,210,3.3872,31.2396,1108.0547
18.5204,73.8567,1.0,7,211,3.8893,31.4076,1380.2532
18.5204,73.8567,1.0,7,212,3.7886,31.7254,1287.7244
18.5204,73.8567,1.0,8,213,3.5262,30.4266,1217.2974
18.5204,73.8567,1.0,8,214,4.2023,30.5122,1413.1809
18.5204,73.8567,1.0,8,215,3.5078,31.4464,1199.7912
18.5204,73.8567,1.0,8,216,4.0598,30.3681,1380.5007
18.5204,73.8567,1.0,8,217,4.748,30.4818,1563.6021
18.5204,73.8567,1.0,8,218,4.1415,29.5251,1484.1074
18.5204,73.8567,1.0,8,219,5.2588,32.7166,1884.1982
18.5204,73.8567,1.0,8,220,4.4862,30.5318,1587.7092
18.5204,73.8567,1.0,8,221,4.0087,30.2709,1439.9221
18.5204,73.8567,1.0,8,222,4.754,29.4044,1615.7315
18.5204,73.8567,1.0,8,223,4.6231,30.2803,1660.9809
18.5204,73.8567,1.0,8,224,4.5709,30.5537,1569.0077
18.5204,73.8567,1.0,8,225,5.2548,30.4812,1889.1451
18.5204,73.8567,1.0,8,226,4.0091,32.0669,1387.9552
18.5204,73.8567,1.0,8,227,4.7715,31.7693,1636.8952
18.5204,73.8567,1.0,8,228,4.1252,28.8484,1467.691
18.5204,73.8567,1.0,8,229,4.3826,31.6801,1505.1865
18.5204,73.8567,1.0,8,230,4.7279,31.4824,1645.6337
18.5204,73.8567,1.0,8,231,5.6057,31.498,1904.3103
18.5204,73.8567,1.0,8,232,4.4093,29.9625,1535.8162
18.5204,73.8567,1.0,8,233,5.1039,31.0671,1732.5321
18.5204,73.8567,1.0,8,234,4.7505,30.771,1542.5546
18.5204,73.8567,1.0,8,235,4.6552,32.0947,1578.0303
18.5204,73.8567,1.0,8,236,4.6171,29.6844,1667.2545
18.5204,73.8567,1.0,8,237,4.6152,29.5953,1577.9672
18.5204,73.8567,1.0,8,238,4.9903,29.7021,1732.9802
18.5204,73.8567,1.0,8,239,4.1605,29.5021,1543.849
18.5204,73.8567,1.0,8,240,4.7734,30.3005,1689.0339
18.5204,73.8567,1.0,8,241,5.3683,30.7192,1832.5386
18.5204,73.8567,1.0,8,242,4.8878,31.1367,1809.6209
18.5204,73.8567,1.0,8,243,5.0891,30.2707,1831.0166
18.5204,73.8567,1.0,9,244,4.636,29.3351,1606.7462
18.5204,73.8567,1.0,9,245,4.8753,29.2286,1684.9903
18.5204,73.8567,1.0,9,246,5.5008,28.0289,1835.903
18.5204,73.8567,1.0,9,247,5.2125,30.4344,1893.1919
18.5204,73.8567,1.0,9,248,4.9805,30.6888,1750.51
18.5204,73.8567,1.0,9,249,4.8202,30.0242,1634.8125
18.5204,73.8567,1.0,9,250,5.6495,29.885,1869.6918
18.5204,73.8567,1.0,9,251,5.6572,30.4334,1899.9001
18.5204,73.8567,1.0,9,252,5.0488,29.2487,1808.8353
18.5204,73.8567,1.0,9,253,5.7328,29.3927,1965.3682
18.5204,73.8567,1.0,9,254,5.2531,29.574,1823.6241
18.5204,73.8567,1.0,9,255,6.4499,28.561,2180.6725
18.5204,73.8567,1.0,9,256,5.2484,29.3177,1968.2073
18.5204,73.8567,1.0,9,257,5.1864,29.9453,1806.7389
18.5204,73.8567,1.0,9,258,5.9955,28.0257,2041.7325
18.5204,73.8567,1.0,9,259,5.6651,29.3913,1918.6583
18.5204,73.8567,1.0,9,260,6.0175,29.6421,2157.6163
18.5204,73.8567,1.0,9,261,5.7845,29.7732,2031.4181
18.5204,73.8567,1.0,9,262,6.1517,31.0324,2239.2414
18.5204,73.8567,1.0,9,263,5.8795,28.0554,2091.5498
18.5204,73.8567,1.0,9,264,5.8378,26.8407,2001.7104
18.5204,73.8567,1.0,9,265,5.4486,28.1122,1991.6431
18.5204,73.8567,1.0,9,266,5.7726,28.0324,2005.997
18.5204,73.8567,1.0,9,267,6.3629,27.6249,2266.8809
18.5204,73.8567,1.0,9,268,6.0639,29.5858,2173.6579
18.5204,73.8567,1.0,9,269,6.0284,27.2038,2152.2329
18.5204,73.8567,1.0,9,270,5.6755,28.2785,1932.9198
18.5204,73.8567,1.0,9,271,6.3342,28.7789,2158.1329
18.5204,73.8567,1.0,9,272,6.3075,26.684,2093.3552
18.5204,73.8567,1.0,9,273,6.4394,25.6298,2259.5297
18.5204,73.8567,1.0,10,274,6.1141,25.8163,2063.3307
18.5204,73.8567,1.0,10,275,5.6317,26.7615,1904.8237
18.5204,73.8567,1.0,10,276,6.4161,28.0792,2280.3145
18.5204,73.8567,1.0,10,277,6.2893,29.9051,2122.2077
18.5204,73.8567,1.0,10,278,5.44,27.4792,1780.2182
18.5204,73.8567,1.0,10,279,5.14,28.52,1716.8376
18.5204,73.8567,1.0,10,280,6.3671,28.3262,2213.5811
18.5204,73.8567,1.0,10,281,5.6712,27.6244,2062.1829
18.5204,73.8567,1.0,10,282,6.1803,27.096,2176.9033
18.5204,73.8567,1.0,10,283,5.8072,26.3905,2063.0096
18.5204,73.8567,1.0,10,284,6.0472,26.6764,2078.3195
18.5204,73.8567,1.0,10,285,6.3672,26.7364,2302.3901
18.5204,73.8567,1.0,10,286,5.4671,25.1024,1954.2877
18.5204,73.8567,1.0,10,287,5.6623,27.2448,1985.687
18.5204,73.8567,1.0,10,288,5.9107,25.7234,1975.219
18.5204,73.8567,1.0,10,289,5.9789,27.4591,1982.0674
18.5204,73.8567,1.0,10,290,6.7633,26.5647,2296.4204
18.5204,73.8567,1.0,10,291,5.9405,27.6926,2072.0997
18.5204,73.8567,1.0,10,292,6.3292,26.0874,2243.8941
18.5204,73.8567,1.0,10,293,6.1979,25.955,2215.6924
18.5204,73.8567,1.0,10,294,6.1574,25.5823,2237.8907
18.5204,73.8567,1.0,10,295,5.4985,24.0001,1912.7843
18.5204,73.8567,1.0,10,296,5.6375,27.9308,2008.9754
18.5204,73.8567,1.0,10,297,5.1757,26.5007,1856.7381
18.5204,73.8567,1.0,10,298,5.8199,24.6772,2025.2177
18.5204,73.8567,1.0,10,299,6.1293,25.8663,2134.967
18.5204,73.8567,1.0,10,300,6.4623,25.0872,2297.6014
18.5204,73.8567,1.0,10,301,5.4404,22.5544,1898.3211
18.5204,73.8567,1.0,10,302,5.9189,23.2653,2116.3851
18.5204,73.8567,1.0,10,303,5.4585,26.7524,1936.4441
18.5204,73.8567,1.0,10,304,5.8613,26.1594,2142.6529
18.5204,73.8567,1.0,11,305,5.46,24.5995,1987.142
18.5204,73.8567,1.0,11,306,5.9694,24.6872,2060.7427
18.5204,73.8567,1.0,11,307,5.2764,24.7892,1906.1042
18.5204,73.8567,1.0,11,308,5.5253,24.1859,1927.2654
18.5204,73.8567,1.0,11,309,6.0835,25.1132,2024.6373
18.5204,73.8567,1.0,11,310,6.2464,24.2176,2168.7588
18.5204,73.8567,1.0,11,311,5.5011,22.7145,1908.2225
18.5204,73.8567,1.0,11,312,5.7401,24.4343,2070.7327
18.5204,73.8567,1.0,11,313,5.1981,23.75,1879.2074
18.5204,73.8567,1.0,11,314,5.7922,23.9132,2102.0502
18.5204,73.8567,1.0,11,315,5.3676,23.3993,1907.9053
18.5204,73.8567,1.0,11,316,5.9401,23.8821,2012.6323
18.5204,73.8567,1.0,11,317,5.2519,22.603,1817.1896
18.5204,73.8567,1.0,11,318,5.5743,23.9589,2072.2111
18.5204,73.8567,1.0,11,319,5.1523,22.3213,1833.6568
18.5204,73.8567,1.0,11,320,5.3698,22.503,1893.4718
18.5204,73.8567,1.0,11,321,5.299,23.1411,1883.4572
18.5204,73.8567,1.0,11,322,5.5139,24.0487,1997.2634
18.5204,73.8567,1.0,11,323,5.006,23.7119,1688.3749
18.5204,73.8567,1.0,11,324,4.6476,25.0428,1559.945
18.5204,73.8567,1.0,11,325,5.9373,25.248,2023.8589
18.5204,73.8567,1.0,11,326,4.4643,21.0645,1653.7047
18.5204,73.8567,1.0,11,327,4.9345,23.1069,1688.4377
18.5204,73.8567,1.0,11,328,5.4413,20.1982,1944.1452
18.5204,73.8567,1.0,11,329,5.0892,21.0797,1853.7464
18.5204,73.8567,1.0,11,330,5.9468,22.5832,2157.256
18.5204,73.8567,1.0,11,331,5.0439,21.6871,1793.344
18.5204,73.8567,1.0,11,332,5.9497,22.0578,1936.9735
18.5204,73.8567,1.0,11,333,4.3386,22.9688,1529.194
18.5204,73.8567,1.0,11,334,5.0531,21.7418,1660.9885
18.5204,73.8567,1.0,12,335,5.2387,21.2134,1794.6965
18.5204,73.8567,1.0,12,336,5.3112,22.9171,1895.8197
18.5204,73.8567,1.0,12,337,4.5897,20.852,1644.8887
18.5204,73.8567,1.0,12,338,4.9304,22.2297,1725.5021
18.5204,73.8567,1.0,12,339,4.3945,23.1201,1496.4599
18.5204,73.8567,1.0,12,340,4.6671,21.5452,1644.1099
18.5204,73.8567,1.0,12,341,4.5996,22.2998,1611.6778
18.5204,73.8567,1.0,12,342,4.7959,22.3429,1620.926
18.5204,73.8567,1.0,12,343,3.9308,22.2726,1473.0109
18.5204,73.8567,1.0,12,344,4.8058,20.7079,1555.6453
18.5204,73.8567,1.0,12,345,4.7977,21.4173,1648.608
18.5204,73.8567,1.0,12,346,4.7212,20.8433,1639.2596
18.5204,73.8567,1.0,12,347,4.7618,19.824,1611.1276
18.5204,73.8567,1.0,12,348,4.2723,19.399,1431.2877
18.5204,73.8567,1.0,12,349,4.4762,22.1915,1531.7949
18.5204,73.8567,1.0,12,350,4.3069,21.2406,1514.7081
18.5204,73.8567,1.0,12,351,4.5966,21.0478,1663.0779
18.5204,73.8567,1.0,12,352,4.599,22.0655,1642.4128
18.5204,73.8567,1.0,12,353,4.6479,21.0904,1607.125
18.5204,73.8567,1.0,12,354,4.7342,18.5158,1602.6878
18.5204,73.8567,1.0,12,355,3.722,20.0121,1272.0955
18.5204,73.8567,1.0,12,356,4.962,19.2574,1663.7321
18.5204,73.8567,1.0,12,357,4.492,18.4394,1564.3879
18.5204,73.8567,1.0,12,358,4.2156,18.929,1484.2872
18.5204,73.8567,1.0,12,359,4.3983,19.8446,1469.1071
18.5204,73.8567,1.0,12,360,4.2346,19.6727,1582.7491
18.5204,73.8567,1.0,12,361,4.2937,21.7746,1506.537
18.5204,73.8567,1.0,12,362,4.9933,19.8571,1781.3905
18.5204,73.8567,1.0,12,363,4.7208,20.0042,1607.492
18.5204,73.8567,1.0,12,364,4.0856,19.0972,1527.1966
18.5204,73.8567,1.0,12,365,4.0495,19.1057,1409.5636
18.5204,73.8567,1.0,1,1,4.1733,20.0879,1452.4917
18.5204,73.8567,1.0,1,2,4.1597,20.3455,1508.2822
18.5204,73.8567,1.0,1,3,4.4477,19.8433,1478.3621
18.5204,73.8567,1.0,1,4,3.4746,19.5771,1205.7809
18.5204,73.8567,1.0,1,5,4.2895,19.722,1519.0818
18.5204,73.8567,1.0,1,6,4.4058,19.1636,1516.4378
18.5204,73.8567,1.0,1,7,4.3416,18.9004,1534.1907
18.5204,73.8567,1.0,1,8,4.13,20.2572,1469.3038
18.5204,73.8567,1.0,1,9,4.1225,17.7809,1381.9236
18.5204,73.8567,1.0,1,10,4.339,19.676,1589.233
18.5204,73.8567,1.0,1,11,4.6493,18.3891,1700.3179
18.5204,73.8567,1.0,1,12,4.7233,18.3208,1730.5427
18.5204,73.8567,1.0,1,13,4.2914,17.0016,1489.5156
18.5204,73.8567,1.0,1,14,3.9109,19.0682,1344.3222
18.5204,73.8567,1.0,1,15,4.7718,19.6055,1610.3701
18.5204,73.8567,1.0,1,16,4.0307,18.6559,1380.708
18.5204,73.8567,1.0,1,17,3.6911,20.1793,1319.0229
18.5204,73.8567,1.0,1,18,4.163,19.5027,1481.0551
18.5204,73.8567,1.0,1,19,3.9279,20.0652,1394.2627
18.5204,73.8567,1.0,1,20,4.5296,20.6804,1537.8043
18.5204,73.8567,1.0,1,21,4.4355,17.6283,1554.4255
18.5204,73.8567,1.0,1,22,4.1447,18.3022,1537.0758
18.5204,73.8567,1.0,1,23,4.2133,19.2861,1455.6201
18.5204,73.8567,1.0,1,24,3.4941,18.2328,1201.4521
18.5204,73.8567,1.0,1,25,3.9153,18.1985,1332.1227
18.5204,73.8567,1.0,1,26,3.5563,20.3366,1202.4356
18.5204,73.8567,1.0,1,27,4.4671,18.5665,1540.2191
18.5204,73.8567,1.0,1,28,3.9994,17.5099,1405.9068
18.5204,73.8567,1.0,1,29,4.4519,19.0638,1537.9076
18.5204,73.8567,1.0,1,30,3.6672,20.1946,1285.8111
18.5204,73.8567,1.0,1,31,4.7258,19.0232,1660.7911
18.5204,73.8567,1.0,2,32,3.5687,18.5218,1205.2232
18.5204,73.8567,1.0,2,33,3.8324,17.4907,1387.6605
18.5204,73.8567,1.0,2,34,3.7486,18.6979,1338.9684
18.5204,73.8567,1.0,2,35,4.3235,17.3121,1562.6058
18.5204,73.8567,1.0,2,36,4.2461,17.3008,1472.6916
18.5204,73.8567,1.0,2,37,4.0662,18.7924,1404.0558
18.5204,73.8567,1.0,2,38,3.7982,18.0043,1298.6125
18.5204,73.8567,1.0,2,39,3.8702,18.4435,1301.1252
18.5204,73.8567,1.0,2,40,3.8143,19.652,1341.583
18.5204,73.8567,1.0,2,41,4.0562,18.821,1426.8278
18.5204,73.8567,1.0,2,42,3.6273,18.8641,1290.8102
18.5204,73.8567,1.0,2,43,3.9295,20.079,1398.1361
18.5204,73.8567,1.0,2,44,4.0376,19.7239,1429.4047
18.5204,73.8567,1.0,2,45,3.4685,19.4156,1154.6473
18.5204,73.8567,1.0,2,46,4.0719,20.0375,1380.1611
18.5204,73.8567,1.0,2,47,3.4087,16.9687,1170.1566
18.5204,73.8567,1.0,2,48,4.8454,20.6195,1744.8566
18.5204,73.8567,1.0,2,49,4.3957,18.2142,1511.1529
18.5204,73.8567,1.0,2,50,3.5812,20.6594,1260.5716
18.5204,73.8567,1.0,2,51,3.8298,19.4907,1415.104
18.5204,73.8567,1.0,2,52,4.2763,19.7695,1523.9956
18.5204,73.8567,1.0,2,53,4.2028,17.7371,1468.7863
18.5204,73.8567,1.0,2,54,4.5224,20.8289,1613.5442
18.5204,73.8567,1.0,2,55,4.3028,18.9172,1516.004
18.5204,73.8567,1.0,2,56,4.2717,21.3998,1478.4644
18.5204,73.8567,1.0,2,57,4.2706,21.9188,1549.9892
18.5204,73.8567,1.0,2,58,4.2211,20.5223,1404.9561
18.5204,73.8567,1.0,2,59,3.7868,20.1362,1359.7446
18.5204,73.8567,1.0,3,60,4.622,18.9251,1657.6601
18.5204,73.8567,1.0,3,61,3.1351,19.967,1070.1186
18.5204,73.8567,1.0,3,62,4.0623,20.3386,1487.8908
18.5204,73.8567,1.0,3,63,4.2361,21.8203,1429.6894
18.5204,73.8567,1.0,3,64,3.6204,19.3829,1270.5686
18.5204,73.8567,1.0,3,65,3.5746,18.9102,1204.7723
18.5204,73.8567,1.0,3,66,3.9929,17.7804,1329.2355
18.5204,73.8567,1.0,3,67,4.068,21.3841,1434.8105
18.5204,73.8567,1.0,3,68,4.2853,23.1924,1531.4626
18.5204,73.8567,1.0,3,69,3.6951,19.2388,1318.2199
18.5204,73.8567,1.0,3,70,3.9285,21.6113,1281.9316
18.5204,73.8567,1.0,3,71,3.5865,20.6119,1219.0444
18.5204,73.8567,1.0,3,72,3.7185,19.7609,1297.7604
18.5204,73.8567,1.0,3,73,3.9224,21.4296,1312.2753
18.5204,73.8567,1.0,3,74,4.0352,20.8651,1408.2414
18.5204,73.8567,1.0,3,75,3.5192,21.7478,1193.439
18.5204,73.8567,1.0,3,76,3.6905,20.9189,1301.4918
18.5204,73.8567,1.0,3,77,4.3036,21.0986,1548.871
18.5204,73.8567,1.0,3,78,4.3416,20.4871,1491.6183
18.5204,73.8567,1.0,3,79,4.6878,21.3059,1652.116
18.5204,73.8567,1.0,3,80,4.3184,20.2911,1496.0147
18.5204,73.8567,1.0,3,81,4.1627,21.5059,1513.997
18.5204,73.8567,1.0,3,82,4.2964,21.0444,1510.9788
18.5204,73.8567,1.0,3,83,4.428,22.3763,1555.3039
18.5204,73.8567,1.0,3,84,4.8063,21.6261,1659.3248
18.5204,73.8567,1.0,3,85,4.2079,21.2383,1471.2373
18.5204,73.8567,1.0,3,86,4.85,22.0393,1576.8542
18.5204,73.8567,1.0,3,87,3.8042,21.9224,1346.7777
18.5204,73.8567,1.0,3,88,3.5269,21.9671,1312.1802
18.5204,73.8567,1.0,3,89,4.6856,20.5096,1587.0265
18.5204,73.8567,1.0,3,90,4.9175,23.2222,1687.4031
18.5204,73.8567,1.0,4,91,4.9028,22.7808,1698.3325
18.5204,73.8567,1.0,4,92,5.1924,23.8255,1910.0616
18.5204,73.8567,1.0,4,93,4.5889,23.4136,1608.6265
18.5204,73.8567,1.0,4,94,4.9434,22.1393,1698.016
18.5204,73.8567,1.0,4,95,4.842,21.6539,1696.902
18.5204,73.8567,1.0,4,96,4.7443,22.4419,1653.21
18.5204,73.8567,1.0,4,97,4.4797,22.5335,1580.7863
18.5204,73.8567,1.0,4,98,4.7051,22.3701,1640.5459
18.5204,73.8567,1.0,4,99,4.1504,22.8032,1379.3417
18.5204,73.8567,1.0,4,100,3.7091,22.3435,1254.4449
18.5204,73.8567,1.0,4,101,4.3713,22.9689,1525.1124
18.5204,73.8567,1.0,4,102,4.8023,22.664,1713.6173
18.5204,73.8567,1.0,4,103,5.1246,22.6346,1726.874
18.5204,73.8567,1.0,4,104,5.439,23.1749,1882.074
18.5204,73.8567,1.0,4,105,5.0029,23.386,1687.0927
18.5204,73.8567,1.0,4,106,5.0337,22.3047,1736.3429
18.5204,73.8567,1.0,4,107,5.1064,24.0175,1733.5347
18.5204,73.8567,1.0,4,108,4.8447,25.2829,1723.0424
18.5204,73.8567,1.0,4,109,5.412,24.5133,1867.5462
18.5204,73.8567,1.0,4,110,4.8062,24.6494,1689.1492
18.5204,73.8567,1.0,4,111,5.1543,23.2119,1898.793
18.5204,73.8567,1.0,4,112,5.7417,23.31,2016.8117
18.5204,73.8567,1.0,4,113,4.209,24.7805,1497.0739
18.5204,73.8567,1.0,4,114,4.1992,24.0376,1469.0159
18.5204,73.8567,1.0,4,115,5.0697,25.5079,1712.4338
18.5204,73.8567,1.0,4,116,5.3837,22.4772,1831.4113
18.5204,73.8567,1.0,4,117,4.4796,24.7216,1535.5829
18.5204,73.8567,1.0,4,118,4.9277,24.8129,1708.9555
18.5204,73.8567,1.0,4,119,4.9357,23.8985,1711.7749
18.5204,73.8567,1.0,4,120,5.313,25.1082,1838.5453
18.5204,73.8567,1.0,5,121,4.0981,26.0336,1392.4474
18.5204,73.8567,1.0,5,122,5.2595,25.1971,1784.7644
18.5204,73.8567,1.0,5,123,5.4925,25.1031,1923.5483
18.5204,73.8567,1.0,5,124,5.1236,24.11,1836.7467
18.5204,73.8567,1.0,5,125,5.5866,25.1325,1940.3133
18.5204,73.8567,1.0,5,126,5.5609,24.6819,1961.882
18.5204,73.8567,1.0,5,127,5.3469,25.7196,1796.7799
18.5204,73.8567,1.0,5,128,4.6342,26.3843,1663.0799
18.5204,73.8567,1.0,5,129,4.6604,27.1759,1633.1558
18.5204,73.8567,1.0,5,130,5.8134,28.7276,2051.1698
18.5204,73.8567,1.0,5,131,5.3455,26.2703,1939.5224
18.5204,73.8567,1.0,5,132,5.2035,27.4631,1747.5337
18.5204,73.8567,1.0,5,133,5.3321,26.5416,1972.2743
18.5204,73.8567,1.0,5,134,5.2106,25.6277,1865.804
18.5204,73.8567,1.0,5,135,5.4117,28.4862,1870.8965
18.5204,73.8567,1.0,5,136,5.1646,26.9446,1805.9261
18.5204,73.8567,1.0,5,137,6.0602,26.642,2139.0954
18.5204,73.8567,1.0,5,138,5.8027,24.2875,2020.5654
18.5204,73.8567,1.0,5,139,5.1654,26.6406,1810.8869
18.5204,73.8567,1.0,5,140,5.7295,27.4314,2001.1427
18.5204,73.8567,1.0,5,141,4.7656,26.6491,1716.3185
18.5204,73.8567,1.0,5,142,4.6693,26.5675,1682.6622
18.5204,73.8567,1.0,5,143,5.2542,27.0178,1874.0543
18.5204,73.8567,1.0,5,144,4.9536,27.9007,1665.4397
18.5204,73.8567,1.0,5,145,5.6495,27.4059,1925.2915
18.5204,73.8567,1.0,5,146,5.656,27.2,2009.7278
18.5204,73.8567,1.0,5,147,4.7347,24.9494,1703.6596
18.5204,73.8567,1.0,5,148,5.48,27.9721,2038.3361
18.5204,73.8567,1.0,5,149,5.6414,27.9802,1946.855
18.5204,73.8567,1.0,5,150,5.0623,28.7692,1840.0262
18.5204,73.8567,1.0,5,151,5.5904,28.7006,2021.8728
18.5204,73.8567,1.0,6,152,4.9578,27.4273,1757.6512
18.5204,73.8567,1.0,6,153,5.1095,28.9419,1779.4492
18.5204,73.8567,1.0,6,154,5.6541,29.1695,1924.9624
18.5204,73.8567,1.0,6,155,5.5258,28.3391,1894.4096
18.5204,73.8567,1.0,6,156,5.3048,29.0157,1908.255
18.5204,73.8567,1.0,6,157,5.1925,28.7989,1881.9137
18.5204,73.8567,1.0,6,158,5.3981,29.7655,1967.9019
18.5204,73.8567,1.0,6,159,5.6727,27.7071,2062.7599
18.5204,73.8567,1.0,6,160,4.6378,28.3834,1645.5777
18.5204,73.8567,1.0,6,161,5.5767,27.7906,2026.6333
18.5204,73.8567,1.0,6,162,5.3024,30.6326,1901.711
18.5204,73.8567,1.0,6,163,5.9283,27.2709,2072.048
18.5204,73.8567,1.0,6,164,5.4253,29.9607,1873.2771
18.5204,73.8567,1.0,6,165,4.6766,30.2492,1611.6699
18.5204,73.8567,1.0,6,166,5.2116,30.271,1841.1936
18.5204,73.8567,1.0,6,167,5.6734,28.4919,1867.4031
18.5204,73.8567,1.0,6,168,5.6521,30.6694,1954.9714
18.5204,73.8567,1.0,6,169,5.2143,27.7165,1873.2634
18.5204,73.8567,1.0,6,170,5.0296,29.4602,1749.8046
18.5204,73.8567,1.0,6,171,5.7425,30.2925,2004.9914
18.5204,73.8567,1.0,6,172,6.0303,29.1674,2084.3111
18.5204,73.8567,1.0,6,173,4.8502,30.3137,1604.9183
18.5204,73.8567,1.0,6,174,4.9122,29.5552,1748.0188
18.5204,73.8567,1.0,6,175,5.1147,29.3479,1755.376
18.5204,73.8567,1.0,6,176,4.8031,28.1268,1720.2515
18.5204,73.8567,1.0,6,177,5.5969,30.2376,1883.0846
18.5204,73.8567,1.0,6,178,5.2048,30.187,1814.5425
18.5204,73.8567,1.0,6,179,5.2006,29.4752,1749.0588
18.5204,73.8567,1.0,6,180,5.3184,31.5148,1941.0525
18.5204,73.8567,1.0,6,181,4.9184,27.8947,1710.7759
18.5204,73.8567,1.0,7,182,4.5349,31.9507,1607.5235
18.5204,73.8567,1.0,7,183,5.152,29.4602,1724.4131
18.5204,73.8567,1.0,7,184,4.1293,29.5846,1398.3883
18.5204,73.8567,1.0,7,185,3.8218,30.8334,1332.1598
18.5204,73.8567,1.0,7,186,5.1345,32.0901,1806.9391
18.5204,73.8567,1.0,7,187,4.4436,31.4784,1641.2734
18.5204,73.8567,1.0,7,188,4.494,31.8834,1543.2134
18.5204,73.8567,1.0,7,189,4.5355,30.009,1615.304
18.5204,73.8567,1.0,7,190,3.8487,31.2066,1347.2389
18.5204,73.8567,1.0,7,191,4.5593,31.3428,1606.8348
18.5204,73.8567,1.0,7,192,3.7624,30.4234,1327.402
18.5204,73.8567,1.0,7,193,4.329,30.1765,1573.1643
18.5204,73.8567,1.0,7,194,4.4239,30.855,1538.6926
18.5204,73.8567,1.0,7,195,3.6698,31.3862,1398.4936
18.5204,73.8567,1.0,7,196,4.9076,31.9288,1656.3721
18.5204,73.8567,1.0,7,197,4.005,30.7158,1414.091
18.5204,73.8567,1.0,7,198,4.5149,30.4702,1524.1311
18.5204,73.8567,1.0,7,199,3.8007,29.1424,1268.862
18.5204,73.8567,1.0,7,200,3.726,31.3487,1287.6114
18.5204,73.8567,1.0,7,201,4.4514,30.3494,1605.5227
18.5204,73.8567,1.0,7,202,4.7122,30.1148,1695.5115
18.5204,73.8567,1.0,7,203,4.3041,31.7158,1601.0583
18.5204,73.8567,1.0,7,204,3.5937,30.068,1264.7496
18.5204,73.8567,1.0,7,205,4.2487,31.7343,1563.1666
18.5204,73.8567,1.0,7,206,3.9865,30.7857,1460.2959
18.5204,73.8567,1.0,7,207,3.8433,32.3994,1314.9342
18.5204,73.8567,1.0,7,208,4.0612,32.1724,1344.7255
18.5204,73.8567,1.0,7,209,4.7497,30.7331,1723.0528
18.5204,73.8567,1.0,7,210,4.2424,31.1849,1467.9861
18.5204,73.8567,1.0,7,211,4.3852,30.9583,1531.8688
18.5204,73.8567,1.0,7,212,4.1244,29.2209,1428.6854
18.5204,73.8567,1.0,8,213,5.419,31.4877,1910.938
18.5204,73.8567,1.0,8,214,3.3557,29.8154,1197.4572
18.5204,73.8567,1.0,8,215,4.706,30.3171,1546.81
18.5204,73.8567,1.0,8,216,3.5305,29.2726,1274.7869
18.5204,73.8567,1.0,8,217,4.2978,31.5102,1566.7592
18.5204,73.8567,1.0,8,218,4.4437,31.1585,1525.0011
18.5204,73.8567,1.0,8,219,4.6303,29.3889,1583.8126
18.5204,73.8567,1.0,8,220,3.9195,31.3543,1364.4468
18.5204,73.8567,1.0,8,221,4.2911,33.1011,1438.7412
18.5204,73.8567,1.0,8,222,4.836,30.835,1640.8897
18.5204,73.8567,1.0,8,223,4.4203,32.1186,1486.7177
18.5204,73.8567,1.0,8,224,4.6342,31.9497,1643.0773
18.5204,73.8567,1.0,8,225,4.3253,30.9749,1546.9952
18.5204,73.8567,1.0,8,226,4.1864,31.6942,1407.4918
18.5204,73.8567,1.0,8,227,3.9455,30.6521,1337.5125
18.5204,73.8567,1.0,8,228,4.522,29.8803,1521.0531
18.5204,73.8567,1.0,8,229,4.6017,30.5736,1679.5921
18.5204,73.8567,1.0,8,230,4.9817,30.894,1693.2711
18.5204,73.8567,1.0,8,231,4.6386,30.1356,1652.8509
18.5204,73.8567,1.0,8,232,4.4759,30.0049,1597.2749
18.5204,73.8567,1.0,8,233,4.8239,29.5941,1634.6387
18.5204,73.8567,1.0,8,234,4.6769,28.1847,1608.2604
18.5204,73.8567,1.0,8,235,5.2383,31.3887,1764.0169
18.5204,73.8567,1.0,8,236,5.0422,30.0624,1729.7353
18.5204,73.8567,1.0,8,237,5.107,30.7298,1834.0168
18.5204,73.8567,1.0,8,238,4.3394,32.5419,1489.4898
18.5204,73.8567,1.0,8,239,5.0556,31.0909,1732.1601
18.5204,73.8567,1.0,8,240,5.144,30.2414,1665.6319
18.5204,73.8567,1.0,8,241,5.4322,29.7516,1795.3388
18.5204,73.8567,1.0,8,242,5.8097,31.8968,2095.7817
18.5204,73.8567,1.0,8,243,4.8158,29.019,1650.1019
18.5204,73.8567,1.0,9,244,4.9686,29.8048,1734.6195
18.5204,73.8567,1.0,9,245,5.6358,29.6635,1847.4269
18.5204,73.8567,1.0,9,246,4.7028,30.7341,1630.8645
18.5204,73.8567,1.0,9,247,5.2086,30.4952,1848.3456
18.5204,73.8567,1.0,9,248,5.5176,30.1962,2066.0217
18.5204,73.8567,1.0,9,249,5.1018,30.1329,1777.5353
18.5204,73.8567,1.0,9,250,4.8341,29.0878,1625.0801
18.5204,73.8567,1.0,9,251,5.2031,29.543,1863.3856
18.5204,73.8567,1.0,9,252,5.572,29.2344,1855.7434
18.5204,73.8567,1.0,9,253,5.1664,29.4794,1855.0576
18.5204,73.8567,1.0,9,254,5.6081,28.595,1976.2898
18.5204,73.8567,1.0,9,255,5.8339,29.3885,2041.3717
18.5204,73.8567,1.0,9,256,5.9802,30.5853,2129.2324
18.5204,73.8567,1.0,9,257,6.2524,27.8637,2080.3273
18.5204,73.8567,1.0,9,258,6.0578,29.3904,2051.2322
18.5204,73.8567,1.0,9,259,6.0739,29.4255,1990.6719
18.5204,73.8567,1.0,9,260,6.1442,28.9217,2112.2258
18.5204,73.8567,1.0,9,261,5.9144,30.0212,2122.0984
18.5204,73.8567,1.0,9,262,5.8879,29.2732,1980.5205
18.5204,73.8567,1.0,9,263,5.3539,28.4437,1867.2432
18.5204,73.8567,1.0,9,264,5.2237,26.9865,1800.3421
18.5204,73.8567,1.0,9,265,6.0035,28.8673,2140.5051
18.5204,73.8567,1.0,9,266,5.6217,28.1949,2036.5896
18.5204,73.8567,1.0,9,267,5.7273,27.7208,2047.4414
18.5204,73.8567,1.0,9,268,5.8967,28.2153,2123.9557
18.5204,73.8567,1.0,9,269,6.5608,28.7111,2224.5393
18.5204,73.8567,1.0,9,270,4.7401,27.2322,1688.316
18.5204,73.8567,1.0,9,271,6.0138,29.7553,2098.2172
18.5204,73.8567,1.0,9,272,5.1767,26.205,1905.3041
18.5204,73.8567,1.0,9,273,7.0577,27.9226,2468.9881
18.5204,73.8567,1.0,10,274,5.3329,26.3487,1965.2199
18.5204,73.8567,1.0,10,275,6.2696,27.8962,2253.1083
18.5204,73.8567,1.0,10,276,6.3411,27.5287,2139.9215
18.5204,73.8567,1.0,10,277,5.7687,25.664,2037.341
18.5204,73.8567,1.0,10,278,5.4787,26.2123,1898.7464
18.5204,73.8567,1.0,10,279,6.6621,28.2599,2182.3886
18.5204,73.8567,1.0,10,280,6.133,26.9062,2170.6671
18.5204,73.8567,1.0,10,281,5.4919,28.3723,1845.9198
18.5204,73.8567,1.0,10,282,6.552,27.6208,2254.3037
18.5204,73.8567,1.0,10,283,6.3878,28.4151,2203.4419
18.5204,73.8567,1.0,10,284,5.8474,26.8302,2042.3914
18.5204,73.8567,1.0,10,285,5.9503,26.5917,2014.2877
18.5204,73.8567,1.0,10,286,5.8814,27.5929,2092.5294
18.5204,73.8567,1.0,10,287,5.8064,27.5635,1955.7097
18.5204,73.8567,1.0,10,288,5.8297,26.9611,2003.9294
18.5204,73.8567,1.0,10,289,5.4451,27.2864,1926.3773
18.5204,73.8567,1.0,10,290,5.7351,25.9014,2070.5077
18.5204,73.8567,1.0,10,291,5.8341,25.4867,2086.0173
18.5204,73.8567,1.0,10,292,5.6651,26.0201,2021.5947
18.5204,73.8567,1.0,10,293,6.0874,26.0854,2160.9565
18.5204,73.8567,1.0,10,294,6.008,26.9595,2001.1191
18.5204,73.8567,1.0,10,295,5.7767,26.1953,2033.8293
18.5204,73.8567,1.0,10,296,6.0608,26.6647,2034.8012
18.5204,73.8567,1.0,10,297,5.1129,26.2703,1748.2831
18.5204,73.8567,1.0,10,298,6.2413,26.8688,2253.0704
18.5204,73.8567,1.0,10,299,6.0064,26.4809,2036.7782
18.5204,73.8567,1.0,10,300,5.7463,25.797,2043.6657
18.5204,73.8567,1.0,10,301,5.2221,24.9087,1843.3134
18.5204,73.8567,1.0,10,302,6.1141,24.102,2182.063
18.5204,73.8567,1.0,10,303,5.4468,23.3675,1816.1086
18.5204,73.8567,1.0,10,304,5.4761,25.2839,1908.5654
18.5204,73.8567,1.0,11,305,5.378,25.1436,1956.0117
18.5204,73.8567,1.0,11,306,5.8481,25.2761,1969.359
18.5204,73.8567,1.0,11,307,5.7744,24.1191,2032.4911
18.5204,73.8567,1.0,11,308,6.0773,23.3788,2175.6094
18.5204,73.8567,1.0,11,309,5.9314,24.4186,2118.9478
18.5204,73.8567,1.0,11,310,5.4987,24.4406,1889.7728
18.5204,73.8567,1.0,11,311,5.7905,24.8525,2018.1461
18.5204,73.8567,1.0,11,312,5.6562,22.8634,1996.5855
18.5204,73.8567,1.0,11,313,5.5698,25.1142,2053.5259
18.5204,73.8567,1.0,11,314,5.9906,23.6411,2064.2045
18.5204,73.8567,1.0,11,315,5.1444,22.7756,1795.5576
18.5204,73.8567,1.0,11,316,5.2854,22.9051,1895.803
18.5204,73.8567,1.0,11,317,5.8937,22.7075,2077.9839
18.5204,73.8567,1.0,11,318,5.9692,23.0493,2083.7548
18.5204,73.8567,1.0,11,319,5.8806,23.5014,2028.4688
18.5204,73.8567,1.0,11,320,5.8283,21.9238,2011.1299
18.5204,73.8567,1.0,11,321,6.041,23.2846,2134.122
18.5204,73.8567,1.0,11,322,5.4266,23.4926,1843.9762
18.5204,73.8567,1.0,11,323,5.256,20.3451,1865.4537
18.5204,73.8567,1.0,11,324,5.4417,21.1984,1831.3302
18.5204,73.8567,1.0,11,325,4.6206,23.1771,1656.7245
18.5204,73.8567,1.0,11,326,5.3944,20.8152,1974.9025
18.5204,73.8567,1.0,11,327,5.7528,23.7213,2068.9482
18.5204,73.8567,1.0,11,328,5.3353,23.8738,1853.0461
18.5204,73.8567,1.0,11,329,5.2452,23.2746,1870.6991
18.5204,73.8567,1.0,11,330,5.3288,23.2817,1850.816
18.5204,73.8567,1.0,11,331,5.2047,22.2352,1892.7176
18.5204,73.8567,1.0,11,332,4.8182,23.6942,1682.0202
18.5204,73.8567,1.0,11,333,5.2539,22.9089,1765.3064
18.5204,73.8567,1.0,11,334,5.2242,21.3919,1823.4384
18.5204,73.8567,1.0,12,335,5.4054,22.439,1906.4175
18.5204,73.8567,1.0,12,336,4.8404,21.6539,1681.4491
18.5204,73.8567,1.0,12,337,4.2491,19.5579,1433.9577
18.5204,73.8567,1.0,12,338,5.2509,23.1822,1811.061
18.5204,73.8567,1.0,12,339,4.3496,21.2781,1448.8286
18.5204,73.8567,1.0,12,340,5.5085,22.1123,1881.0819
18.5204,73.8567,1.0,12,341,4.8527,20.8254,1652.76
18.5204,73.8567,1.0,12,342,5.0649,19.4927,1729.4541
18.5204,73.8567,1.0,12,343,4.9009,21.2074,1630.1752
18.5204,73.8567,1.0,12,344,4.439,21.4816,1500.5172
18.5204,73.8567,1.0,12,345,4.034,22.5035,1469.3285
18.5204,73.8567,1.0,12,346,5.2448,19.7265,1929.2797
18.5204,73.8567,1.0,12,347,5.3446,21.4135,1804.3416
18.5204,73.8567,1.0,12,348,4.6731,21.3575,1608.9436
18.5204,73.8567,1.0,12,349,4.5972,20.5063,1621.8676
18.5204,73.8567,1.0,12,350,4.1526,19.568,1453.6926
18.5204,73.8567,1.0,12,351,4.9621,20.2693,1729.1185
18.5204,73.8567,1.0,12,352,4.2697,20.0692,1436.8739
18.5204,73.8567,1.0,12,353,5.0717,20.2255,1748.8031
18.5204,73.8567,1.0,12,354,4.4361,21.9445,1526.9696
18.5204,73.8567,1.0,12,355,5.0956,18.5954,1720.1303
18.5204,73.8567,1.0,12,356,3.5575,20.8311,1225.9635
18.5204,73.8567,1.0,12,357,4.8665,20.8791,1699.8341
18.5204,73.8567,1.0,12,358,4.8377,18.2914,1743.7265
18.5204,73.8567,1.0,12,359,4.6827,19.7989,1628.0424
18.5204,73.8567,1.0,12,360,4.7767,20.8509,1552.2949
18.5204,73.8567,1.0,12,361,3.861,19.5012,1385.9843
18.5204,73.8567,1.0,12,362,4.3171,19.0261,1499.785
18.5204,73.8567,1.0,12,363,4.4973,19.5937,1492.4224
18.5204,73.8567,1.0,12,364,4.76,20.3511,1738.5507
18.5204,73.8567,1.0,12,365,4.096,19.1026,1485.9072
18.5204,73.8567,1.0,1,1,4.1808,19.586,1500.4424
18.5204,73.8567,1.0,1,2,4.3062,20.2514,1463.9569
18.5204,73.8567,1.0,1,3,4.1039,17.3981,1480.6573
18.5204,73.8567,1.0,1,4,4.5808,18.7869,1574.7184
18.5204,73.8567,1.0,1,5,4.19,19.1007,1442.4305
18.5204,73.8567,1.0,1,6,4.3132,18.3695,1519.3177
18.5204,73.8567,1.0,1,7,3.7402,17.3443,1344.3951
18.5204,73.8567,1.0,1,8,4.2066,19.7785,1513.6013
18.5204,73.8567,1.0,1,9,4.4487,19.4329,1564.5215
18.5204,73.8567,1.0,1,10,4.2369,20.5921,1453.2475
18.5204,73.8567,1.0,1,11,4.8178,22.062,1740.3965
18.5204,73.8567,1.0,1,12,3.9239,18.212,1410.8436
18.5204,73.8567,1.0,1,13,4.2018,20.5274,1505.1337
18.5204,73.8567,1.0,1,14,4.6037,19.971,1634.8144
18.5204,73.8567,1.0,1,15,4.5589,19.7349,1619.1357
18.5204,73.8567,1.0,1,16,4.2781,18.8033,1504.6919
18.5204,73.8567,1.0,1,17,4.7181,18.3375,1712.0894
18.5204,73.8567,1.0,1,18,3.6684,19.4113,1225.5288
18.5204,73.8567,1.0,1,19,3.9048,20.0014,1394.702
18.5204,73.8567,1.0,1,20,4.2187,17.7099,1488.6843
18.5204,73.8567,1.0,1,21,4.0698,18.301,1374.3719
18.5204,73.8567,1.0,1,22,3.7713,19.2141,1256.481
18.5204,73.8567,1.0,1,23,4.4671,17.9335,1547.0796
18.5204,73.8567,1.0,1,24,4.1936,17.9089,1465.4542
18.5204,73.8567,1.0,1,25,4.425,18.5175,1591.2949
18.5204,73.8567,1.0,1,26,4.4722,18.2299,1542.7372
18.5204,73.8567,1.0,1,27,3.9393,18.6889,1348.2857
18.5204,73.8567,1.0,1,28,3.9907,20.184,1371.6407
18.5204,73.8567,1.0,1,29,4.0601,18.2289,1435.5431
18.5204,73.8567,1.0,1,30,3.5675,17.0934,1209.266
18.5204,73.8567,1.0,1,31,3.6304,19.3159,1299.3892
18.5204,73.8567,1.0,2,32,3.8169,17.2414,1370.1367
18.5204,73.8567,1.0,2,33,3.4606,18.1737,1246.3458
18.5204,73.8567,1.0,2,34,4.0277,18.9902,1429.2593
18.5204,73.8567,1.0,2,35,3.9222,17.6477,1306.245
18.5204,73.8567,1.0,2,36,3.7924,18.1901,1304.1891
18.5204,73.8567,1.0,2,37,3.8356,20.4322,1331.4298
18.5204,73.8567,1.0,2,38,4.1657,18.6799,1447.0072
18.5204,73.8567,1.0,2,39,4.0714,21.1546,1427.0939
18.5204,73.8567,1.0,2,40,4.3554,18.1442,1558.8986
18.5204,73.8567,1.0,2,41,3.6498,18.5413,1291.8923
18.5204,73.8567,1.0,2,42,3.6625,19.0542,1325.6559
18.5204,73.8567,1.0,2,43,5.1026,20.2544,1703.3447
18.5204,73.8567,1.0,2,44,3.8723,18.6291,1319.6658
18.5204,73.8567,1.0,2,45,3.9827,19.9106,1426.4819
18.5204,73.8567,1.0,2,46,4.2585,18.1027,1490.9078
18.5204,73.8567,1.0,2,47,3.7362,19.3277,1374.9362
18.5204,73.8567,1.0,2,48,3.9679,20.4749,1502.1823
18.5204,73.8567,1.0,2,49,3.5503,18.5394,1226.101
18.5204,73.8567,1.0,2,50,4.1268,19.1935,1372.9224
18.5204,73.8567,1.0,2,51,3.9694,18.982,1486.3129
18.5204,73.8567,1.0,2,52,4.3593,18.699,1543.709
18.5204,73.8567,1.0,2,53,3.9941,18.4828,1336.4424
18.5204,73.8567,1.0,2,54,4.3171,19.6737,1604.6332
18.5204,73.8567,1.0,2,55,3.2147,19.4968,1135.5951
18.5204,73.8567,1.0,2,56,3.8986,18.1534,1366.7098
18.5204,73.8567,1.0,2,57,4.6115,19.1961,1685.7209
18.5204,73.8567,1.0,2,58,3.6902,19.4971,1276.3889
18.5204,73.8567,1.0,2,59,4.5638,20.281,1576.3278
18.5204,73.8567,1.0,3,60,4.207,20.6356,1457.2092
18.5204,73.8567,1.0,3,61,3.8275,20.568,1310.7451
18.5204,73.8567,1.0,3,62,4.3581,20.0775,1492.6492
18.5204,73.8567,1.0,3,63,4.6066,20.4931,1575.4591
18.5204,73.8567,1.0,3,64,4.4871,19.9717,1604.9249
18.5204,73.8567,1.0,3,65,3.5269,20.1964,1246.3269
18.5204,73.8567,1.0,3,66,4.1453,19.8287,1369.333
18.5204,73.8567,1.0,3,67,3.8005,19.7374,1309.6941
18.5204,73.8567,1.0,3,68,4.4248,21.1225,1586.8712
18.5204,73.8567,1.0,3,69,3.9752,20.0949,1401.8996
18.5204,73.8567,1.0,3,70,3.5455,19.5114,1248.1088
18.5204,73.8567,1.0,3,71,4.3538,21.3414,1561.6997
18.5204,73.8567,1.0,3,72,4.1496,20.7644,1554.7055
18.5204,73.8567,1.0,3,73,4.2108,21.4742,1523.3832
18.5204,73.8567,1.0,3,74,4.0507,19.2605,1401.7371
18.5204,73.8567,1.0,3,75,4.0204,21.118,1408.8214
18.5204,73.8567,1.0,3,76,4.0621,20.7479,1436.2988
18.5204,73.8567,1.0,3,77,4.3737,21.1923,1407.4747
18.5204,73.8567,1.0,3,78,4.044,20.8422,1365.0143
18.5204,73.8567,1.0,3,79,4.4403,21.4531,1506.5474
18.5204,73.8567,1.0,3,80,4.6361,19.484,1748.8217
18.5204,73.8567,1.0,3,81,4.1657,20.6454,1420.6074
18.5204,73.8567,1.0,3,82,4.5145,23.9404,1592.625
18.5204,73.8567,1.0,3,83,4.6935,20.9432,1589.3234
18.5204,73.8567,1.0,3,84,5.4039,22.1595,1882.584
18.5204,73.8567,1.0,3,85,3.884,20.7416,1363.4462
18.5204,73.8567,1.0,3,86,4.4489,22.2783,1597.8464
18.5204,73.8567,1.0,3,87,4.6866,21.5975,1637.546
18.5204,73.8567,1.0,3,88,4.7419,21.2036,1661.5627
18.5204,73.8567,1.0,3,89,4.6736,20.9065,1597.3501
18.5204,73.8567,1.0,3,90,4.6551,22.8171,1622.4122
18.5204,73.8567,1.0,4,91,4.5782,22.0211,1641.2464
18.5204,73.8567,1.0,4,92,4.1665,21.7697,1417.2161
18.5204,73.8567,1.0,4,93,4.0128,23.3493,1423.1971
18.5204,73.8567,1.0,4,94,4.6095,21.3532,1602.1058
18.5204,73.8567,1.0,4,95,4.9567,21.0732,1689.4277
18.5204,73.8567,1.0,4,96,4.7445,22.1649,1708.7674
18.5204,73.8567,1.0,4,97,4.7207,21.9803,1698.9648
18.5204,73.8567,1.0,4,98,5.0472,21.7461,1694.2814
18.5204,73.8567,1.0,4,99,4.2347,21.2935,1491.8542
18.5204,73.8567,1.0,4,100,4.6058,23.9664,1643.044
18.5204,73.8567,1.0,4,101,4.5816,22.2449,1655.0007
18.5204,73.8567,1.0,4,102,5.1693,22.5293,1845.6731
18.5204,73.8567,1.0,4,103,4.6954,22.4833,1691.5356
18.5204,73.8567,1.0,4,104,4.9929,21.7447,1744.9746
18.5204,73.8567,1.0,4,105,4.4139,25.7088,1554.6023
18.5204,73.8567,1.0,4,106,4.9908,24.0112,1885.3117
18.5204,73.8567,1.0,4,107,5.3075,22.3853,1762.6664
18.5204,73.8567,1.0,4,108,4.9718,22.8224,1715.9064
18.5204,73.8567,1.0,4,109,5.3314,25.4254,1936.004
18.5204,73.8567,1.0,4,110,5.2149,22.0214,1913.0847
18.5204,73.8567,1.0,4,111,5.4107,24.0559,1767.2728
18.5204,73.8567,1.0,4,112,4.8384,25.3016,1649.6686
18.5204,73.8567,1.0,4,113,4.6091,24.9873,1642.3678
18.5204,73.8567,1.0,4,114,4.8528,25.0259,1687.4172
18.5204,73.8567,1.0,4,115,5.3488,24.2897,1951.7184
18.5204,73.8567,1.0,4,116,5.6545,24.0893,1943.3687
18.5204,73.8567,1.0,4,117,5.1074,25.4745,1804.8089
18.5204,73.8567,1.0,4,118,5.2155,23.8719,1766.028
18.5204,73.8567,1.0,4,119,5.0792,24.6548,1693.789
18.5204,73.8567,1.0,4,120,5.3365,24.6049,1837.2375
18.5204,73.8567,1.0,5,121,4.9431,26.019,1700.4345
18.5204,73.8567,1.0,5,122,5.0719,26.7362,1725.2237
18.5204,73.8567,1.0,5,123,5.2328,25.9265,1861.6276
18.5204,73.8567,1.0,5,124,5.9293,25.5886,2106.2059
18.5204,73.8567,1.0,5,125,5.3477,26.1184,1855.804
18.5204,73.8567,1.0,5,126,5.215,28.0643,1843.2849
18.5204,73.8567,1.0,5,127,6.0009,24.1244,2159.9142
18.5204,73.8567,1.0,5,128,5.1464,26.2618,1775.9988
18.5204,73.8567,1.0,5,129,4.4759,27.5678,1633.516
18.5204,73.8567,1.0,5,130,4.8173,23.9736,1730.7641
18.5204,73.8567,1.0,5,131,5.5077,25.7808,1883.5064
18.5204,73.8567,1.0,5,132,5.4892,26.9545,1810.8682
18.5204,73.8567,1.0,5,133,5.2581,28.5155,1881.6081
18.5204,73.8567,1.0,5,134,5.7212,25.3276,1937.179
18.5204,73.8567,1.0,5,135,5.6213,27.2548,2010.9711
18.5204,73.8567,1.0,5,136,5.228,25.9269,1773.4815
18.5204,73.8567,1.0,5,137,4.8395,28.1087,1591.0965
18.5204,73.8567,1.0,5,138,5.697,28.6635,1938.5558
18.5204,73.8567,1.0,5,139,5.5885,27.8576,1903.6186
18.5204,73.8567,1.0,5,140,4.9374,26.7985,1767.8695
18.5204,73.8567,1.0,5,141,4.9969,26.7173,1844.3715
18.5204,73.8567,1.0,5,142,4.8142,27.1965,1590.2461
18.5204,73.8567,1.0,5,143,4.8775,27.9657,1782.7866
18.5204,73.8567,1.0,5,144,5.3753,26.4191,1722.6582
18.5204,73.8567,1.0,5,145,6.2996,27.6454,2171.5376
18.5204,73.8567,1.0,5,146,5.9899,28.921,2073.0288
18.5204,73.8567,1.0,5,147,5.7641,29.4113,2095.8859
18.5204,73.8567,1.0,5,148,5.5717,29.2634,1938.4701
18.5204,73.8567,1.0,5,149,5.9127,27.7725,2230.529
18.5204,73.8567,1.0,5,150,5.6277,28.4735,2026.2483
18.5204,73.8567,1.0,5,151,6.4119,29.0845,2171.4448
18.5204,73.8567,1.0,6,152,5.1254,27.016,1799.3973
18.5204,73.8567,1.0,6,153,5.0708,28.6046,1796.8684
18.5204,73.8567,1.0,6,154,5.7675,30.4278,2105.6681
18.5204,73.8567,1.0,6,155,5.4962,28.5958,1951.5428
18.5204,73.8567,1.0,6,156,5.785,28.9765,1992.137
18.5204,73.8567,1.0,6,157,5.3547,28.0132,1889.4044
18.5204,73.8567,1.0,6,158,5.5847,29.3264,2036.3007
18.5204,73.8567,1.0,6,159,5.1056,28.2253,1784.8306
18.5204,73.8567,1.0,6,160,5.3222,28.7203,1841.0457
18.5204,73.8567,1.0,6,161,5.2133,31.1351,1869.0003
18.5204,73.8567,1.0,6,162,5.3814,29.2645,1891.3958
18.5204,73.8567,1.0,6,163,5.6252,30.3351,1973.9243
18.5204,73.8567,1.0,6,164,4.4151,28.6813,1534.9579
18.5204,73.8567,1.0,6,165,4.873,30.1591,1733.9433
18.5204,73.8567,1.0,6,166,5.413,28.0826,1880.5508
18.5204,73.8567,1.0,6,167,4.7248,28.8996,1571.1373
18.5204,73.8567,1.0,6,168,4.8388,30.7433,1696.4309
18.5204,73.8567,1.0,6,169,5.3147,31.0488,1937.1113
18.5204,73.8567,1.0,6,170,5.0245,29.8982,1721.0596
18.5204,73.8567,1.0,6,171,4.9154,30.0709,1742.0413
18.5204,73.8567,1.0,6,172,5.1405,29.1686,1886.0695
18.5204,73.8567,1.0,6,173,5.599,30.0604,1900.5167
18.5204,73.8567,1.0,6,174,5.1963,29.1158,1946.0676
18.5204,73.8567,1.0,6,175,4.8333,29.2364,1678.5017
18.5204,73.8567,1.0,6,176,5.5678,29.0473,1970.8805
18.5204,73.8567,1.0,6,177,4.5459,30.2837,1551.5505
18.5204,73.8567,1.0,6,178,4.4104,30.1331,1615.7464
18.5204,73.8567,1.0,6,179,4.6673,30.1961,1639.249
18.5204,73.8567,1.0,6,180,4.7018,30.5726,1627.6663
18.5204,73.8567,1.0,6,181,4.6203,29.0406,1628.8906
18.5204,73.8567,1.0,7,182,3.9952,31.2381,1406.3839
18.5204,73.8567,1.0,7,183,3.9626,30.7011,1372.7818
18.5204,73.8567,1.0,7,184,3.7206,30.4066,1316.5248
18.5204,73.8567,1.0,7,185,4.4967,30.5275,1615.0252
18.5204,73.8567,1.0,7,186,4.6023,29.2737,1577.4996
18.5204,73.8567,1.0,7,187,4.8722,29.9292,1761.7384
18.5204,73.8567,1.0,7,188,4.5053,30.9396,1592.7422
18.5204,73.8567,1.0,7,189,4.1555,30.8187,1452.5857
18.5204,73.8567,1.0,7,190,4.4831,31.9526,1558.9691
18.5204,73.8567,1.0,7,191,4.2675,31.3353,1445.7671
18.5204,73.8567,1.0,7,192,4.3595,31.6234,1554.4925
18.5204,73.8567,1.0,7,193,4.5648,29.9158,1531.327
18.5204,73.8567,1.0,7,194,3.9543,29.2293,1343.6778
18.5204,73.8567,1.0,7,195,4.8255,29.6452,1757.8304
18.5204,73.8567,1.0,7,196,4.1206,30.3188,1457.3289
18.5204,73.8567,1.0,7,197,3.726,32.2315,1199.4712
18.5204,73.8567,1.0,7,198,3.6819,29.8182,1296.4739
18.5204,73.8567,1.0,7,199,4.0592,30.133,1430.4017
18.5204,73.8567,1.0,7,200,4.1105,30.3623,1405.9008
18.5204,73.8567,1.0,7,201,4.5412,32.3548,1520.27
18.5204,73.8567,1.0,7,202,4.8415,28.9539,1653.9296
18.5204,73.8567,1.0,7,203,4.2799,31.26,1555.1552
18.5204,73.8567,1.0,7,204,3.4377,30.3869,1220.4015
18.5204,73.8567,1.0,7,205,4.0017,30.7808,1378.2344
18.5204,73.8567,1.0,7,206,3.9844,30.7411,1383.5517
18.5204,73.8567,1.0,7,207,5.2403,31.8809,1877.0183
18.5204,73.8567,1.0,7,208,4.424,32.0814,1649.5868
18.5204,73.8567,1.0,7,209,4.163,30.464,1525.1283
18.5204,73.8567,1.0,7,210,4.5376,30.4612,1643.3078
18.5204,73.8567,1.0,7,211,3.7642,32.0175,1337.0706
18.5204,73.8567,1.0,7,212,4.8371,31.0429,1661.1846
18.5204,73.8567,1.0,8,213,4.2751,30.8043,1572.7549
18.5204,73.8567,1.0,8,214,4.0483,31.3035,1407.5673
18.5204,73.8567,1.0,8,215,3.1581,30.2529,1092.4454
18.5204,73.8567,1.0,8,216,4.445,30.381,1578.495
18.5204,73.8567,1.0,8,217,4.154,30.0398,1380.727
18.5204,73.8567,1.0,8,218,4.3005,29.797,1417.5785
18.5204,73.8567,1.0,8,219,4.7476,31.1208,1696.7058
18.5204,73.8567,1.0,8,220,5.3337,33.0088,1901.7559
18.5204,73.8567,1.0,8,221,3.8654,30.1473,1344.9657
18.5204,73.8567,1.0,8,222,4.2067,32.5869,1559.8614
18.5204,73.8567,1.0,8,223,4.5111,31.8542,1604.5119
18.5204,73.8567,1.0,8,224,3.3763,30.3076,1124.4559
18.5204,73.8567,1.0,8,225,4.1894,30.3897,1493.4979
18.5204,73.8567,1.0,8,226,4.3814,30.3845,1529.8522
18.5204,73.8567,1.0,8,227,4.3922,31.8538,1537.4757
18.5204,73.8567,1.0,8,228,4.6127,29.5088,1569.1942
18.5204,73.8567,1.0,8,229,4.5854,32.504,1607.7805
18.5204,73.8567,1.0,8,230,4.2505,30.562,1587.361
18.5204,73.8567,1.0,8,231,5.3318,31.3358,1861.8718
18.5204,73.8567,1.0,8,232,5.2523,28.7615,1889.46
18.5204,73.8567,1.0,8,233,4.7318,33.1799,1570.6408
18.5204,73.8567,1.0,8,234,4.3524,30.4065,1575.912
18.5204,73.8567,1.0,8,235,5.7791,29.04,2071.7764
18.5204,73.8567,1.0,8,236,5.2535,31.124,1824.9576
18.5204,73.8567,1.0,8,237,5.7536,30.7469,2008.9224
18.5204,73.8567,1.0,8,238,5.0718,31.9374,1768.1245
18.5204,73.8567,1.0,8,239,5.1927,30.6628,1955.4724
18.5204,73.8567,1.0,8,240,5.8136,32.2673,2107.0703
18.5204,73.8567,1.0,8,241,4.9502,30.9424,1689.195
18.5204,73.8567,1.0,8,242,4.933,30.8369,1679.5756
18.5204,73.8567,1.0,8,243,5.8243,29.9961,2047.2794
18.5204,73.8567,1.0,9,244,5.0712,30.063,1805.357
18.5204,73.8567,1.0,9,245,5.9411,29.9556,2053.1819
18.5204,73.8567,1.0,9,246,5.0964,29.3839,1787.5994
18.5204,73.8567,1.0,9,247,5.2587,29.1683,1830.9048
18.5204,73.8567,1.0,9,248,4.7748,29.9365,1605.6876
18.5204,73.8567,1.0,9,249,5.0479,30.0534,1786.3667
18.5204,73.8567,1.0,9,250,5.6822,29.4611,2019.5466
18.5204,73.8567,1.0,9,251,5.4246,30.1388,1860.6892
18.5204,73.8567,1.0,9,252,5.183,29.8226,1846.2823
18.5204,73.8567,1.0,9,253,5.7886,30.4918,1977.9985
18.5204,73.8567,1.0,9,254,5.4895,30.4496,1933.548
18.5204,73.8567,1.0,9,255,5.6375,30.171,1976.9051
18.5204,73.8567,1.0,9,256,5.7496,28.8698,1895.7398
18.5204,73.8567,1.0,9,257,5.2669,29.668,1923.6389
18.5204,73.8567,1.0,9,258,5.2493,30.1674,1867.9511
18.5204,73.8567,1.0,9,259,5.4197,28.423,1910.4659
18.5204,73.8567,1.0,9,260,5.6689,30.119,1935.1899
18.5204,73.8567,1.0,9,261,6.0556,28.7377,2057.3109
18.5204,73.8567,1.0,9,262,6.0043,28.5632,2138.4318
18.5204,73.8567,1.0,9,263,6.1455,30.1856,2146.8236
18.5204,73.8567,1.0,9,264,5.919,27.7852,2105.3479
18.5204,73.8567,1.0,9,265,5.7262,29.6949,2046.0206
18.5204,73.8567,1.0,9,266,6.1499,29.0344,2142.8544
18.5204,73.8567,1.0,9,267,5.8018,29.1919,2045.2254
18.5204,73.8567,1.0,9,268,6.4237,27.4024,2246.6658
18.5204,73.8567,1.0,9,269,6.0544,27.9231,2084.6234
18.5204,73.8567,1.0,9,270,5.9819,29.0704,2186.6017
18.5204,73.8567,1.0,9,271,6.4732,28.4854,2301.2009
18.5204,73.8567,1.0,9,272,5.6438,28.6316,2060.2106
18.5204,73.8567,1.0,9,273,6.433,26.9153,2337.1882
18.5204,73.8567,1.0,10,274,5.8333,29.0896,2079.0039
18.5204,73.8567,1.0,10,275,5.623,26.2823,1983.6201
18.5204,73.8567,1.0,10,276,5.5413,29.4849,1930.4508
18.5204,73.8567,1.0,10,277,5.6016,26.5835,1982.1798
18.5204,73.8567,1.0,10,278,6.4515,28.6025,2158.2408
18.5204,73.8567,1.0,10,279,5.9648,27.1073,2038.3054
18.5204,73.8567,1.0,10,280,6.6886,28.0431,2268.665
18.5204,73.8567,1.0,10,281,6.3472,27.8062,2307.926
18.5204,73.8567,1.0,10,282,5.7418,26.6326,1936.4227
18.5204,73.8567,1.0,10,283,6.0404,25.8161,2110.4136
18.5204,73.8567,1.0,10,284,5.7239,25.8762,2000.4728
18.5204,73.8567,1.0,10,285,6.2479,27.3723,2156.9758
18.5204,73.8567,1.0,10,286,5.9049,27.5739,2012.5165
18.5204,73.8567,1.0,10,287,6.146,26.6235,2122.901
18.5204,73.8567,1.0,10,288,5.9543,26.0594,2139.0343
18.5204,73.8567,1.0,10,289,5.8984,27.5922,2006.3312
18.5204,73.8567,1.0,10,290,6.794,28.3074,2348.5311
18.5204,73.8567,1.0,10,291,6.5514,27.8695,2277.9532
18.5204,73.8567,1.0,10,292,5.3672,25.9252,1896.5922
18.5204,73.8567,1.0,10,293,6.0281,27.0607,2132.8651
18.5204,73.8567,1.0,10,294,6.0409,25.9404,2209.7455
18.5204,73.8567,1.0,10,295,5.772,26.4014,2034.1984
18.5204,73.8567,1.0,10,296,6.1129,27.5088,2183.6066
18.5204,73.8567,1.0,10,297,6.2079,24.5828,2153.8008
18.5204,73.8567,1.0,10,298,6.0123,25.6796,2087.2175
18.5204,73.8567,1.0,10,299,6.2594,25.9573,2168.7059
18.5204,73.8567,1.0,10,300,6.2749,26.2566,2174.7119
18.5204,73.8567,1.0,10,301,5.8216,24.7398,2073.3044
18.5204,73.8567,1.0,10,302,6.013,23.9739,2095.3896
18.5204,73.8567,1.0,10,303,6.4328,24.9926,2298.4195
18.5204,73.8567,1.0,10,304,5.6302,24.7319,1878.3008
18.5204,73.8567,1.0,11,305,5.697,23.782,2076.0959
18.5204,73.8567,1.0,11,306,6.1651,25.0379,2197.1576
18.5204,73.8567,1.0,11,307,5.5233,24.2855,1933.6893
18.5204,73.8567,1.0,11,308,4.9363,25.7905,1741.0089
18.5204,73.8567,1.0,11,309,5.554,24.8943,1814.7214
18.5204,73.8567,1.0,11,310,6.0676,24.6652,2036.5879
18.5204,73.8567,1.0,11,311,5.3088,23.779,1824.7477
18.5204,73.8567,1.0,11,312,6.0541,23.2064,2207.4593
18.5204,73.8567,1.0,11,313,5.8972,23.3955,2065.294
18.5204,73.8567,1.0,11,314,5.786,24.2713,1988.1368
18.5204,73.8567,1.0,11,315,5.3657,23.6986,1916.8052
18.5204,73.8567,1.0,11,316,5.5218,22.0932,1834.2013
18.5204,73.8567,1.0,11,317,5.6232,23.323,1924.2851
18.5204,73.8567,1.0,11,318,4.9011,23.3289,1639.7106
18.5204,73.8567,1.0,11,319,5.1236,22.3215,1889.3953
18.5204,73.8567,1.0,11,320,5.6419,23.1921,2020.9479
18.5204,73.8567,1.0,11,321,4.8101,23.5044,1716.3716
18.5204,73.8567,1.0,11,322,5.8992,24.0704,2054.0073
18.5204,73.8567,1.0,11,323,4.7713,22.5,1663.2286
18.5204,73.8567,1.0,11,324,5.1783,23.4825,1828.2346
18.5204,73.8567,1.0,11,325,5.4219,22.3735,2059.7208
18.5204,73.8567,1.0,11,326,5.3983,21.0482,1864.4562
18.5204,73.8567,1.0,11,327,4.7592,21.9389,1563.1815
18.5204,73.8567,1.0,11,328,5.2889,21.8456,1861.9507
18.5204,73.8567,1.0,11,329,4.8563,23.1656,1655.4123
18.5204,73.8567,1.0,11,330,5.79,23.4173,2009.2004
18.5204,73.8567,1.0,11,331,5.2719,21.0292,1837.7253
18.5204,73.8567,1.0,11,332,4.4468,21.3942,1512.0605
18.5204,73.8567,1.0,11,333,5.6501,21.9954,1855.0638
18.5204,73.8567,1.0,11,334,5.6788,23.1337,1956.9251
18.5204,73.8567,1.0,12,335,4.3622,23.8948,1465.079
18.5204,73.8567,1.0,12,336,5.3845,20.6903,1836.4002
18.5204,73.8567,1.0,12,337,5.0663,21.9177,1761.4911
18.5204,73.8567,1.0,12,338,4.8214,20.6824,1578.0934
18.5204,73.8567,1.0,12,339,5.2392,20.7087,1888.435
18.5204,73.8567,1.0,12,340,5.0024,19.617,1722.9896
18.5204,73.8567,1.0,12,341,4.7206,22.4901,1593.6686
18.5204,73.8567,1.0,12,342,4.8595,21.0787,1723.2555
18.5204,73.8567,1.0,12,343,4.5955,22.134,1629.4249
18.5204,73.8567,1.0,12,344,4.4061,21.7225,1461.0417
18.5204,73.8567,1.0,12,345,4.7137,20.0601,1502.6152
18.5204,73.8567,1.0,12,346,4.5575,20.8074,1609.162
18.5204,73.8567,1.0,12,347,4.6143,21.1871,1641.6231
18.5204,73.8567,1.0,12,348,5.4415,21.2349,1988.2247
18.5204,73.8567,1.0,12,349,4.6104,19.3523,1704.3356
18.5204,73.8567,1.0,12,350,5.0572,19.2807,1709.0388
18.5204,73.8567,1.0,12,351,4.1905,20.0335,1446.5605
18.5204,73.8567,1.0,12,352,4.1302,19.6928,1428.6598
18.5204,73.8567,1.0,12,353,4.5116,20.2482,1543.2947
18.5204,73.8567,1.0,12,354,5.1492,20.7868,1811.3621
18.5204,73.8567,1.0,12,355,4.0901,20.8456,1466.0962
18.5204,73.8567,1.0,12,356,4.1103,20.7894,1466.8202
18.5204,73.8567,1.0,12,357,4.2605,19.3344,1424.9284
18.5204,73.8567,1.0,12,358,4.9959,19.1516,1732.4143
18.5204,73.8567,1.0,12,359,5.5247,20.8364,1964.926
18.5204,73.8567,1.0,12,360,4.2487,21.603,1472.0998
18.5204,73.8567,1.0,12,361,4.366,19.5573,1593.7773
18.5204,73.8567,1.0,12,362,3.949,20.136,1374.6973
18.5204,73.8567,1.0,12,363,4.549,21.2357,1637.531
18.5204,73.8567,1.0,12,364,4.5072,19.4769,1608.1431
18.5204,73.8567,1.0,12,365,4.5987,19.5477,1609.1725
